飞机转场记录号,到达日期,到达时刻,到达航班,到达类型,飞机型号,出发日期,出发时刻,出发航班,出发类型,上线机场,下线机场,机体类别,出发序列号,到达序列号
PK062,2018/1/19,14:55:00,GN0523,D,73E,2018/1/20,16:20:00,GN0256,D,NJH,ZDV,W,196,-179
PK072,2018/1/19,15:35:00,GN0497,D,73L,2018/1/20,17:05:00,GN0644,D,OOH,YNO,W,205,-187
PK089,2018/1/19,16:30:00,NV663,I,33H,2018/1/20,13:30:00,NV692,I,MIS,ZWS,N,162,-198
PK094,2018/1/19,16:55:00,NV693,I,33H,2018/1/20,13:00:00,NV662,I,ZWS,MIS,N,156,-203
PK102,2018/1/19,17:35:00,GN0209,D,73A,2018/1/20,13:50:00,GN0658,D,BPH,UHP,W,166,-211
PK104,2018/1/19,17:50:00,NV697,I,773,2018/1/20, 0:20,NV840,I,MBY,NFM,N,4,-214
PK106,2018/1/19,17:55:00,NV6489,D,773,2018/1/20, 0:55,NV880,I,TZY,BLM,N,11,-215
PK107,2018/1/19,18:00:00,NV601,I,773,2018/1/20, 0:5,NV664,I,TGP,DEH,N,1,-216
PK108,2018/1/19,18:05:00,NV821,I,33H,2018/1/20, 0:20,NV608,I,NBE,ZWS,N,4,-217
PK112,2018/1/19,18:20:00,NV6253,D,320,2018/1/20,10:10:00,NV316,I,MMW,DOY,W,122,-220
PK117,2018/1/19,18:35:00,NV6779,D,320,2018/1/20, 7:45,NV6738,D,EMD,EMD,W,93,-223
PK129,2018/1/19,19:20:00,NV319,I,773,2018/1/20, 0:5,NV846,I,ZZA,TZE,N,1,-232
PK131,2018/1/19,19:30:00,NV673,I,33E,2018/1/20, 0:10,NV320,I,TZE,GSB,N,2,-234
PK136,2018/1/19,19:50:00,NV6753,D,319,2018/1/20, 8:15,NV6358,D,EMD,EBU,W,99,-238
PK142,2018/1/19,20:10:00,GN0237,D,73H,2018/1/20,10:40:00,GN920,I,SJA,UTB,W,128,-242
PK144,2018/1/19,20:10:00,NV621,I,325,2018/1/20, 1:50,NV322,I,ILH,NOM,W,22,-242
PK145,2018/1/19,20:10:00,NV6317,D,319,2018/1/20,13:55:00,NV6540,D,ITO,UTO,W,167,-242
PK147,2018/1/19,20:15:00,NV6725,D,320,2018/1/20, 8:20,NV6724,D,ISC,ISC,W,100,-243
PK148,2018/1/19,20:20:00,NV6549,D,319,2018/1/20, 9:30,NV306,I,OBP,LJK,W,114,-244
PK149,2018/1/19,20:25:00,NV317,I,320,2018/1/20, 0:15,NV6134,I,DOY,DFC,W,3,-245
PK150,2018/1/19,20:25:00,NV3278,D,325,2018/1/20, 6:40,NV3446,D,YJZ,YJZ,W,80,-245
PK151,2018/1/19,20:30:00,NV6117,I,33E,2018/1/20,10:05:00,NV866,D,UQF,LNH,N,121,-246
PK155,2018/1/19,20:45:00,NV6375,D,323,2018/1/20, 9:0,NV6230,D,ZOU,QFL,W,108,-249
PK156,2018/1/19,21:00:00,NV6495,D,320,2018/1/20, 8:0,NV6154,I,AZJ,QVT,W,96,-252
PK159,2018/1/19,21:05:00,NV651,I,33E,2018/1/20,12:30:00,NV898,I,IOE,GDP,N,150,-253
PK165,2018/1/19,21:20:00,NV6699,D,320,2018/1/20, 8:55,NV336,I,GPD,LJY,W,107,-256
PK168,2018/1/19,21:40:00,NV6241,D,325,2018/1/20, 9:25,NV6376,D,QFL,CIZ,W,113,-260
PK170,2018/1/19,21:50:00,NV3270,D,321,2018/1/20, 8:5,NV3263,D,YJZ,YJZ,W,97,-262
PK171,2018/1/19,21:50:00,NV6319,D,73E,2018/1/20, 8:30,NV6734,D,MAI,EMD,W,102,-262
PK173,2018/1/19,22:00:00,GN0541,D,738,2018/1/20, 6:40,GN0480,D,IOZ,LXM,W,80,-264
PK174,2018/1/19,22:00:00,NV6405,D,320,2018/1/20, 9:55,NV3280,D,DHP,ZOU,W,119,-264
PK175,2018/1/19,22:05:00,GN0489,D,73E,2018/1/20, 7:30,GN0282,D,LXM,ISC,W,90,-265
PK177,2018/1/19,22:05:00,NV6769,D,320,2018/1/20, 8:35,NV612,I,IEH,ILH,W,103,-265
PK178,2018/1/19,22:10:00,GN945,I,73H,2018/1/20, 9:40,GN0476,D,CLL,ZJI,W,116,-266
PK179,2018/1/19,22:15:00,NV6763,D,320,2018/1/20, 6:40,NV6748,D,ZOK,IEH,W,80,-267
PK180,2018/1/19,22:25:00,GN0247,D,73A,2018/1/20, 6:55,GN0252,D,CBW,CQF,W,83,-269
PK181,2018/1/19,22:25:00,GN0645,D,325,2018/1/20, 8:55,GN0478,D,YNO,TIF,W,107,-269
PK182,2018/1/19,22:30:00,GN0291,D,73E,2018/1/20, 8:0,GN0522,D,DHR,NJH,W,96,-270
PK183,2018/1/19,22:30:00,GN0639,D,73H,2018/1/20, 9:10,GN912,I,DBO,UTB,W,110,-270
PK184,2018/1/19,22:45:00,NV0747,D,323,2018/1/20, 9:5,NV6446,D,LXM,TAY,W,109,-273
PK185,2018/1/19,22:50:00,NV617,I,321,2018/1/20, 8:55,NV6616,D,ILH,GPD,W,107,-274
PK186,2018/1/19,22:50:00,NV6379,D,319,2018/1/20, 9:50,NV872,I,ZCQ,LPK,W,118,-274
PK187,2018/1/19,22:55:00,NV6615,D,319,2018/1/20, 8:25,NV6548,D,HZT,OBP,W,101,-275
PK188,2018/1/19,23:00:00,NV6557,D,73E,2018/1/20, 6:55,NV3286,D,LXF,ARA,W,83,-276
PK189,2018/1/19,23:10:00,GN0285,D,73A,2018/1/20, 9:25,GN936,I,KOH,UPZ,W,113,-278
PK190,2018/1/19,23:10:00,NV3464,D,325,2018/1/20,10:15:00,NV6160,I,MIX,DKV,W,123,-278
PK191,2018/1/19,23:15:00,GN0363,D,73E,2018/1/20, 9:0,GN0414,D,IBL,DBO,W,108,-279
PK192,2018/1/19,23:20:00,GN0455,D,73H,2018/1/20, 7:35,GN0234,D,EZH,UWT,W,91,-280
PK193,2018/1/19,23:20:00,NV3447,D,319,2018/1/20, 9:20,NV6504,D,YJZ,DLH,W,112,-280
PK194,2018/1/19,23:25:00,NV6471,D,323,2018/1/20,11:10:00,NV6656,D,TAY,ZOU,W,134,-281
PK195,2018/1/19,23:30:00,NV3195,D,319,2018/1/20, 9:5,NV6514,D,UTO,DUV,W,109,-282
PK196,2018/1/19,23:40:00,GN0643,D,323,2018/1/20,14:10:00,NV6722,D,IBL,EMD,W,170,-284
PK197,2018/1/19,23:55:00,GN0405,D,73E,2018/1/20, 9:25,GN0548,D,ETO,CBW,W,113,-287
PK208,2018/1/19, 5:0,NV847,I,773,2018/1/20,14:20:00,NV690,I,TZE,TGP,N,172,-60
PK253,2018/1/20,10:00:00,NV6294,D,321,2018/1/20,12:40:00,NV3118,I,QFL,NGN,W,152,120
PK254,2018/1/20,10:05:00,NV6513,D,320,2018/1/20,12:30:00,NV305,D,DUV,DUV,W,150,121
PK255,2018/1/20,10:10:00,GN0411,D,73H,2018/1/20,12:00:00,GN944,I,TXB,CLL,W,144,122
PK256,2018/1/20,10:10:00,NV6443,D,325,2018/1/20,13:05:00,NV6488,D,TAY,TZY,W,157,122
PK257,2018/1/20,10:15:00,NV3120,D,73H,2018/1/20,11:15:00,NV3120,I,XVI,GTA,W,135,123
PK258,2018/1/20,10:15:00,NV632,D,325,2018/1/20,11:45:00,NV632,I,YJZ,OSU,W,141,123
PK259,2018/1/20,10:20:00,GN0495,D,73A,2018/1/20,11:20:00,GN0460,D,OOH,AIB,W,136,124
PK260,2018/1/20,10:20:00,NV323,I,325,2018/1/20,12:15:00,NV614,I,NOM,ILH,W,147,124
PK261,2018/1/20,10:20:00,NV687,I,325,2018/1/20,12:15:00,NV6144,I,IOE,JDO,W,147,124
PK262,2018/1/20,10:25:00,NV6731,D,325,2018/1/20,11:25:00,NV618,I,ISC,ILH,W,137,125
PK263,2018/1/20,10:25:00,NV820,D,320,2018/1/20,11:35:00,NV820,I,MIX,OHP,W,139,125
PK264,2018/1/20,10:30:00,GN0457,D,738,2018/1/20,13:05:00,GN0446,D,DHP,MGR,W,157,126
PK265,2018/1/20,10:30:00,NV858,D,73H,2018/1/20,12:15:00,NV858,I,LNH,LJY,W,147,126
PK266,2018/1/20,10:35:00,NV6713,D,320,2018/1/20,12:25:00,NV6713,D,TIF,AIB,W,149,127
PK267,2018/1/20,10:40:00,GN0271,D,73H,2018/1/20,12:00:00,GN0236,D,DHR,SJA,W,144,128
PK268,2018/1/20,10:40:00,NV303,I,320,2018/1/20,12:30:00,NV303,D,OHP,YJZ,W,150,128
PK269,2018/1/20,10:45:00,NV643,I,320,2018/1/20,12:05:00,NV6732,D,GVL,EMD,W,145,129
PK270,2018/1/20,11:00:00,NV305,I,319,2018/1/20,12:15:00,NV6316,D,IJK,ITO,W,147,132
PK271,2018/1/20,11:00:00,NV6785,D,320,2018/1/20,13:10:00,NV398,I,EMD,PLB,W,158,132
PK272,2018/1/20,11:05:00,NV6307,D,320,2018/1/20,18:05:00,NV6308,D,DUV,DUV,W,217,133
PK273,2018/1/20,11:20:00,NV6535,D,320,2018/1/20,12:10:00,*****,D,DLH,***,W,146,136
PK274,2018/1/20,11:25:00,NV841,I,325,2018/1/20,13:15:00,NV610,I,LJY,ILH,W,159,137
PK275,2018/1/20,12:00:00,NV835,I,325,2018/1/20,18:10:00,NV830,I,ILH,LJY,W,218,144
PK276,2018/1/20,12:20:00,NV6749,D,320,2018/1/20,13:25:00,NV6510,D,IEH,MZJ,W,161,148
PK277,2018/1/20,12:25:00,GN0253,D,73A,2018/1/20,13:35:00,GN0204,D,CQF,TIF,W,163,149
PK278,2018/1/20,12:25:00,NV3703,I,73H,2018/1/20,13:55:00,NV3703,D,OHP,XVI,W,167,149
PK279,2018/1/20,12:40:00,GN0491,D,738,2018/1/20,15:50:00,GN0326,D,LXM,AVI,W,190,152
PK280,2018/1/20,12:55:00,NV674,D,33L,2018/1/20,14:25:00,NV674,I,QFL,EFM,N,173,155
PK281,2018/1/20,13:00:00,GN0201,D,73H,2018/1/20,14:05:00,GN930,I,KOA,QVT,W,169,156
PK282,2018/1/20,13:05:00,NV3287,D,73E,2018/1/20,16:30:00,NV6556,D,ARA,LXF,W,198,157
PK283,2018/1/20,13:10:00,GN0235,D,73H,2018/1/20,14:20:00,GN0250,D,UWT,YNO,W,172,158
PK284,2018/1/20,13:15:00,NV3266,D,325,2018/1/20,14:15:00,NV3269,D,YJZ,YJZ,W,171,159
PK285,2018/1/20,13:20:00,NV6155,I,320,2018/1/20,14:25:00,NV6494,D,QVT,AZJ,W,173,160
PK286,2018/1/20,13:25:00,NV6735,D,73E,2018/1/20,14:30:00,NV6198,I,EMD,GVL,W,174,161
PK287,2018/1/20,13:40:00,GN913,I,73H,2018/1/20,14:45:00,GN938,I,UTB,JDO,W,177,164
PK288,2018/1/20,13:40:00,NV6719,D,320,2018/1/20,14:50:00,NV6718,D,IJB,TIF,W,178,164
PK289,2018/1/20,13:50:00,GN932,D,738,2018/1/20,14:55:00,GN932,I,DHP,LJY,W,179,166
PK290,2018/1/20,13:50:00,NV383,I,321,2018/1/20,15:30:00,NV383,D,OSU,QFL,W,186,166
PK291,2018/1/20,13:55:00,NV6727,D,320,2018/1/20,17:25:00,NV6768,D,ZLI,IEH,W,209,167
PK292,2018/1/20,14:00:00,NV6153,I,325,2018/1/20,15:45:00,NV6116,I,JDO,UQF,W,189,168
PK293,2018/1/20,14:10:00,NV6575,D,320,2018/1/20,15:20:00,NV6574,D,IGF,IGF,W,184,170
PK294,2018/1/20,14:20:00,NV3654,D,73E,2018/1/20,15:25:00,NV6318,D,XVI,MAI,W,185,172
PK295,2018/1/20,14:25:00,NV6171,I,325,2018/1/20,16:15:00,NV6742,D,DKV,GPD,W,195,173
PK296,2018/1/20,14:25:00,NV873,I,319,2018/1/20,15:40:00,NV6378,D,LPK,ZCQ,W,188,173
PK297,2018/1/20,14:30:00,NV6709,D,323,2018/1/20,17:20:00,NV3273,D,DHR,YJZ,W,208,174
PK298,2018/1/20,14:35:00,NV6359,D,319,2018/1/20,16:30:00,NV6614,D,EBU,HZT,W,198,175
PK299,2018/1/20,14:40:00,GN0477,D,73H,2018/1/20,16:10:00,GN0638,D,ZJI,DBO,W,194,176
PK300,2018/1/20,14:45:00,NV6685,D,320,2018/1/20,15:55:00,NV6685,D,LPX,UBP,W,191,177
PK301,2018/1/20,14:45:00,NV6711,D,325,2018/1/20,17:10:00,NV686,I,GPD,IOE,W,206,177
PK302,2018/1/20,14:50:00,GN953,I,73H,2018/1/20,19:30:00,GN942,I,CLL,ILU,W,234,178
PK303,2018/1/20,14:50:00,NV613,I,320,2018/1/20,16:15:00,NV616,I,ILH,ILH,W,195,178
PK304,2018/1/20,14:50:00,NV681,I,33H,2018/1/20,16:10:00,NV656,I,DEH,TJO,N,194,178
PK305,2018/1/20,14:55:00,GN0283,D,73E,2018/1/20,15:55:00,GN0362,D,ISC,IBL,W,191,179
PK306,2018/1/20,14:55:00,GN0479,D,325,2018/1/20,16:05:00,GN0280,D,TIF,DHR,W,193,179
PK307,2018/1/20,14:55:00,GN0523,D,73E,2018/1/20,16:35:00,GN0348,D,NJH,TZY,W,199,179
PK308,2018/1/20,15:00:00,NV899,I,33E,2018/1/20,20:20:00,NV672,I,GDP,TZE,N,244,180
PK309,2018/1/20,15:00:00,*****,D,320,2018/1/20,15:50:00,NV3465,D,***,MIX,W,190,180
PK310,2018/1/20,15:10:00,GN0423,D,73E,2018/1/20,16:20:00,GN0642,D,DBO,IBL,W,196,182
PK311,2018/1/20,15:15:00,NV629,I,73H,2018/1/20,16:50:00,NV629,D,GVL,XVI,W,202,183
PK312,2018/1/20,15:20:00,GN0203,D,738,2018/1/20,16:10:00,*****,D,EMD,***,W,194,184
PK313,2018/1/20,15:20:00,NV382,D,321,2018/1/20,16:55:00,NV382,I,QFL,OSU,W,203,184
PK314,2018/1/20,15:25:00,GN931,I,73H,2018/1/20,17:00:00,GN980,I,UTB,LCW,W,204,185
PK315,2018/1/20,15:25:00,NV6453,D,323,2018/1/20,16:45:00,NV0746,D,TAY,LXM,W,201,185
PK316,2018/1/20,15:30:00,NV657,I,33E,2018/1/20,19:45:00,NV848,I,TJO,NFM,N,237,186
PK317,2018/1/20,15:35:00,NV641,I,320,2018/1/20,16:40:00,NV6736,D,OHP,EMD,W,200,187
PK318,2018/1/20,15:40:00,GN965,I,73H,2018/1/20,18:30:00,GN964,I,CLL,CLL,W,222,188
PK319,2018/1/20,15:45:00,NV302,D,320,2018/1/20,17:15:00,NV302,I,YJZ,OHP,W,207,189
PK320,2018/1/20,15:55:00,GN0549,D,73E,2018/1/20,17:30:00,GN0404,D,CBW,ETO,W,210,191
PK321,2018/1/20,15:55:00,GN937,I,73A,2018/1/20,17:00:00,GN0246,D,UPZ,CBW,W,204,191
PK322,2018/1/20,15:55:00,NV627,I,73E,2018/1/20,19:15:00,NV3787,D,LJY,ZJI,W,231,191
PK323,2018/1/20,15:55:00,NV6657,D,323,2018/1/20,17:05:00,NV6462,D,ZOU,TAY,W,205,191
PK324,2018/1/20,15:55:00,NV813,I,325,2018/1/20,17:30:00,NV6162,I,ILH,JDO,W,210,191
PK325,2018/1/20,16:05:00,NV6715,D,320,2018/1/20,17:40:00,NV6710,D,TIF,IJB,W,212,193
PK326,2018/1/20,16:15:00,NV3260,D,320,2018/1/20,18:05:00,NV3277,D,YJZ,YJZ,W,217,195
PK327,2018/1/20,16:20:00,NV6377,D,325,2018/1/20,18:30:00,NV834,I,CIZ,ILH,W,222,196
PK329,2018/1/20,16:30:00,NV3197,I,320,2018/1/20,17:35:00,NV6726,D,PLB,ZLI,W,211,198
PK330,2018/1/20,16:30:00,NV3702,D,73H,2018/1/20,18:00:00,NV3702,I,XVI,OHP,W,216,198
PK331,2018/1/20,16:30:00,NV663,I,33H,2018/1/20,20:05:00,NV6588,D,MIS,LNH,N,241,198
PK332,2018/1/20,16:35:00,NV304,D,319,2018/1/20,17:40:00,NV304,I,DUV,IJK,W,212,199
PK333,2018/1/20,16:35:00,NV635,I,773,2018/1/20,20:00:00,NV308,I,OSU,KGL,N,240,199
PK334,2018/1/20,16:40:00,NV307,I,319,2018/1/20,17:35:00,NV638,I,LJK,PLK,W,211,200
PK335,2018/1/20,16:50:00,GN0637,D,738,2018/1/20,17:55:00,GN0636,D,XOA,XOA,W,215,202
PK337,2018/1/20,16:55:00,NV6717,D,320,2018/1/20,18:10:00,NV642,I,INJ,GVL,W,218,203
PK339,2018/1/20,17:00:00,*****,D,738,2018/1/20,17:50:00,GN0332,D,***,MIX,W,214,204
PK341,2018/1/20,17:20:00,GN0299,D,738,2018/1/20,18:20:00,GN976,I,TIF,LCW,W,220,208
PK344,2018/1/20,17:30:00,NV619,I,325,2018/1/20,18:40:00,NV624,I,ILH,SFQ,W,224,210
PK345,2018/1/20,17:35:00,GN0209,D,73A,2018/1/20,21:00:00,GN0494,D,BPH,OOH,W,252,211
PK346,2018/1/20,17:40:00,NV6301,D,325,2018/1/20,20:55:00,NV6720,D,AVI,ISC,W,251,212
PK347,2018/1/20,17:50:00,NV697,I,773,2018/1/20,21:00:00,NV688,I,MBY,MBY,N,252,214
PK348,2018/1/20,18:00:00,NV3786,D,73E,2018/1/20,19:30:00,NV3631,D,ZJI,XVI,W,234,216
PK350,2018/1/20,18:10:00,GN0461,D,73H,2018/1/20,19:30:00,GN972,I,LXM,LVM,W,234,218
PK351,2018/1/20,18:15:00,NV3131,I,73H,2018/1/20,19:45:00,NV3131,D,GTA,XVI,W,237,219
PK352,2018/1/20,18:20:00,NV6489,D,33L,2018/1/20,20:40:00,NV658,I,TZY,CLL,N,248,220
PK353,2018/1/20,18:20:00,NV831,I,320,2018/1/20,19:35:00,NV831,D,OHP,MIX,W,235,220
PK354,2018/1/20,18:25:00,NV615,I,325,2018/1/20,21:00:00,NV6312,D,ILH,IBL,W,252,221
PK355,2018/1/20,18:30:00,NV3421,D,319,2018/1/20,19:35:00,NV3410,D,YOO,YOO,W,235,222
PK356,2018/1/20,18:30:00,NV6525,D,325,2018/1/20,21:25:00,NV6472,D,DUV,TAY,W,257,222
PK358,2018/1/20,18:40:00,GN941,I,73H,2018/1/20,19:45:00,GN978,I,QVT,CLJ,W,237,224
PK359,2018/1/20,18:45:00,NV399,I,320,2018/1/20,19:50:00,NV6784,D,PLB,EMD,W,238,225
PK360,2018/1/20,18:50:00,GN0465,D,738,2018/1/20,20:05:00,GN0452,D,XFI,EZH,W,241,226
PK361,2018/1/20,18:50:00,GN951,I,73H,2018/1/20,20:00:00,GN968,I,CLL,ILU,W,240,226
PK362,2018/1/20,18:50:00,NV3622,D,319,2018/1/20,20:00:00,NV6486,D,XVI,EZH,W,240,226
PK364,2018/1/20,18:55:00,GN0287,D,738,2018/1/20,21:10:00,GN0287,D,DHR,LXM,W,254,227
PK365,2018/1/20,18:55:00,NV6663,D,320,2018/1/20,20:00:00,NV860,I,MZJ,QOI,W,240,227
PK366,2018/1/20,18:55:00,NV859,I,73H,2018/1/20,21:00:00,NV859,D,LJY,LNH,W,252,227
PK367,2018/1/20,19:10:00,GN0641,D,738,2018/1/20,21:20:00,GN0428,D,XOA,DBO,W,256,230
PK368,2018/1/20,19:15:00,NV3119,I,321,2018/1/20,21:15:00,NV6297,D,NGN,QFL,W,255,231
PK369,2018/1/20,19:15:00,NV6714,D,320,2018/1/20,21:25:00,NV6714,D,AIB,TIF,W,257,231
PK371,2018/1/20,19:20:00,NV337,I,320,2018/1/20,23:10:00,NV6156,I,LJY,DSL,W,278,232
PK372,2018/1/20,19:30:00,NV6199,I,73E,2018/1/20,21:30:00,NV3655,D,GVL,XVI,W,258,234
PK374,2018/1/20,19:30:00,NV699,I,773,2018/1/20,21:40:00,NV699,D,KGL,GPD,N,260,234
PK375,2018/1/20,19:35:00,NV633,I,325,2018/1/20,21:05:00,NV633,D,OSU,YJZ,W,253,235
PK376,2018/1/20,19:40:00,NV6763,D,320,2018/1/20,21:05:00,NV6544,D,ZOK,DLH,W,253,236
PK377,2018/1/20,19:40:00,NV849,I,33E,2018/1/20,23:30:00,NV654,I,NFM,TJO,N,282,236
PK378,2018/1/20,19:50:00,NV6753,D,319,2018/1/20,21:10:00,NV836,I,EMD,ILH,W,254,238
PK379,2018/1/20,20:00:00,GN939,I,73H,2018/1/20,21:05:00,GN0300,D,JDO,TXB,W,253,240
PK380,2018/1/20,20:00:00,NV6324,D,73E,2018/1/20,21:00:00,NV6325,D,UZO,UZO,W,252,240
PK381,2018/1/20,20:00:00,NV6527,D,320,2018/1/20,21:30:00,NV6528,D,DUV,DUV,W,258,240
PK382,2018/1/20,20:00:00,NV827,I,33E,2018/1/20,21:55:00,NV826,I,COF,COF,N,263,240
PK383,2018/1/20,20:05:00,GN0205,D,73A,2018/1/20,21:35:00,GN0560,D,TIF,LXF,W,259,241
PK385,2018/1/20,20:10:00,GN0261,D,73H,2018/1/20,21:05:00,GN0260,D,YNO,DHR,W,253,242
PK388,2018/1/20,20:15:00,NV6551,D,319,2018/1/20,21:05:00,*****,D,UTO,***,W,253,243
PK395,2018/1/20,20:30:00,NV6772,D,325,2018/1/20,22:05:00,NV6772,D,GPD,EMD,W,265,246
PK396,2018/1/20,20:40:00,*****,D,319,2018/1/20,21:30:00,NV6478,D,***,DTY,W,258,248
PK398,2018/1/20,21:00:00,NV6633,D,320,2018/1/20,22:10:00,NV6632,D,UBP,UBP,W,266,252
PK399,2018/1/20,21:00:00,NV6811,D,320,2018/1/20,22:20:00,NV6811,D,VSD,OHC,W,268,252
PK401,2018/1/20,21:05:00,NV6642,D,320,2018/1/20,22:20:00,NV6642,D,TIF,LIO,W,268,253
PK402,2018/1/20,21:10:00,NV6643,D,320,2018/1/20,22:00:00,NV392,I,LIO,THO,W,264,254
PK403,2018/1/20,21:15:00,GN0409,D,738,2018/1/20,22:40:00,GN0368,D,DTY,YNO,W,272,255
PK406,2018/1/20,21:20:00,GN0629,D,738,2018/1/20,22:20:00,GN0620,D,XOA,XOA,W,268,256
PK407,2018/1/20,21:20:00,NV6653,D,320,2018/1/20,22:30:00,NV6652,D,UOB,UOB,W,270,256
PK409,2018/1/20,21:30:00,GN997,I,73H,2018/1/20,22:30:00,GN952,I,LVM,CLL,W,270,258
PK413,2018/1/20,21:45:00,GN0455,D,738,2018/1/20,22:45:00,GN933,D,EZH,DHP,W,273,261
PK414,2018/1/20,21:45:00,NV6737,D,320,2018/1/20,22:50:00,NV3993,D,EMD,OLH,W,274,261
PK415,2018/1/20,21:50:00,NV6319,D,73E,2018/1/20,22:50:00,NV3652,D,MAI,DBO,W,274,262
PK422,2018/1/20,22:25:00,GN0645,D,73L,2018/1/20,23:15:00,*****,D,YNO,***,W,279,269
PK441,2018/1/20, 0:10,GN0349,D,73E,2018/1/20,15:50:00,GN0488,D,TZY,LXM,W,190,2
PK442,2018/1/20, 0:15,GN0401,D,738,2018/1/20, 8:30,GN0678,D,DHP,DHP,W,102,3
PK443,2018/1/20, 0:15,NV6723,D,323,2018/1/20, 7:50,NV6708,D,EMD,DHR,W,94,3
PK444,2018/1/20, 0:20,GN967,I,738,2018/1/20, 8:50,GN0456,D,CLL,DHP,W,106,4
PK445,2018/1/20, 0:25,NV6589,D,33H,2018/1/20,12:25:00,NV810,I,LNH,NBE,N,149,5
PK446,2018/1/20, 0:5,GN0657,D,738,2018/1/20, 8:10,GN0454,D,XVU,EZH,W,98,1
PK447,2018/1/20, 1:30,NV6487,D,319,2018/1/20, 6:55,NV3615,D,EZH,XVI,W,83,18
PK448,2018/1/20, 1:35,GN0453,D,738,2018/1/20, 9:15,GN0630,D,EZH,XOA,W,111,19
PK449,2018/1/20, 4:10,NV677,I,33L,2018/1/20, 7:55,NV380,I,TJO,DUT,N,95,50
PK450,2018/1/20, 4:25,NV625,I,325,2018/1/20, 9:15,NV6152,I,SFQ,JDO,W,111,53
PK451,2018/1/20, 4:40,GN947,I,738,2018/1/20,10:15:00,GN0464,D,IOE,XFI,W,123,56
PK452,2018/1/20, 4:55,NV675,I,33L,2018/1/20, 6:55,NV675,D,EFM,QFL,N,83,59
PK453,2018/1/20, 5:0,NV847,I,773,2018/1/20,13:20:00,NV694,I,TZE,MBY,N,160,60
PK454,2018/1/20, 5:15,NV309,I,773,2018/1/20, 9:10,NV634,I,KGL,OSU,N,110,63
PK455,2018/1/20, 5:20,NV871,I,325,2018/1/20, 9:25,NV812,I,QOI,ILH,W,113,64
PK456,2018/1/20, 5:35,NV347,I,33L,2018/1/20,12:10:00,NV346,I,NMF,NMF,N,146,67
PK459,2018/1/20, 5:55,GN979,I,73H,2018/1/20, 7:10,GN0290,D,CLJ,KOA,W,86,71
PK460,2018/1/20, 5:55,NV343,I,33E,2018/1/20,12:15:00,NV6118,I,DNC,UQF,N,147,71
PK461,2018/1/20, 5:55,NV851,I,773,2018/1/20,11:40:00,NV828,I,NFM,PSE,N,140,71
PK462,2018/1/20, 6:0,GN977,I,738,2018/1/20,10:25:00,GN0628,D,LCW,XOA,W,125,72
PK463,2018/1/20, 6:25,NV6181,I,332,2018/1/20,14:35:00,NV676,I,DHL,TJO,N,175,77
PK464,2018/1/20, 6:25,NV689,I,773,2018/1/20,12:05:00,NV318,I,MBY,ZZA,N,145,77
PK465,2018/1/20, 6:30,GN943,I,73H,2018/1/20, 9:20,GN996,I,ILU,LVM,W,112,78
PK466,2018/1/20, 6:55,NV883,I,33H,2018/1/20,13:00:00,NV640,I,BNT,IOE,N,156,83
PK467,2018/1/20, 7:0,NV6157,I,320,2018/1/20, 8:30,NV6762,D,DSL,ZOK,W,102,84
PK468,2018/1/20, 7:0,NV665,I,773,2018/1/20,12:25:00,NV670,I,DEH,DEH,N,149,84
PK469,2018/1/20, 7:15,GN969,I,73H,2018/1/20,12:00:00,GN0492,D,ILU,LXM,W,144,87
PK470,2018/1/20, 7:20,GN973,I,73H,2018/1/20, 8:35,GN940,I,LVM,CLL,W,103,88
PK471,2018/1/20, 7:20,NV659,I,33L,2018/1/20,17:20:00,NV682,I,CLL,IOM,N,208,88
PK472,2018/1/20, 7:5,NV393,I,320,2018/1/20, 9:30,NV6576,D,THO,LIO,W,114,85
PK473,2018/1/20, 7:55,NV6700,D,320,2018/1/20, 9:30,NV6700,D,OHC,VSD,W,114,95
PK474,2018/1/20, 8:25,NV3992,D,320,2018/1/20, 9:30,NV630,I,OLH,OHP,W,114,101
PK475,2018/1/20, 8:35,NV6135,I,320,2018/1/20,10:20:00,NV3196,I,DFC,PLB,W,124,103
PK476,2018/1/20, 8:35,*****,D,738,2018/1/20, 9:25,GN0408,D,***,DTY,W,113,103
PK477,2018/1/20, 8:40,NV6577,D,320,2018/1/20, 9:50,NV6577,D,LIO,TIF,W,118,104
PK478,2018/1/20, 8:40,NV6697,D,73H,2018/1/20, 9:45,NV6612,D,XOA,XOA,W,117,104
PK479,2018/1/20, 8:45,NV6645,D,320,2018/1/20,10:20:00,NV6644,D,UOB,UOB,W,124,105
PK480,2018/1/20, 8:45,NV6698,D,320,2018/1/20,21:35:00,NV6578,D,IGF,IGF,W,259,105
PK481,2018/1/20, 8:55,NV3620,D,73E,2018/1/20,10:00:00,NV626,I,XVI,LJY,W,120,107
PK482,2018/1/20, 8:55,NV6684,D,320,2018/1/20,10:05:00,NV6684,D,UBP,LPX,W,121,107
PK483,2018/1/20, 9:0,NV603,I,33L,2018/1/20,10:25:00,NV603,D,TWP,TZY,N,125,108
PK484,2018/1/20, 9:10,GN0631,D,738,2018/1/20,10:00:00,*****,D,XOA,***,W,120,110
PK485,2018/1/20, 9:15,NV628,D,73H,2018/1/20,10:35:00,NV628,I,XVI,GVL,W,127,111
PK486,2018/1/20, 9:20,GN0369,D,738,2018/1/20,10:35:00,GN0202,D,YNO,EMD,W,127,112
PK487,2018/1/20, 9:20,NV698,D,773,2018/1/20,11:30:00,NV698,I,GPD,KGL,N,138,112
PK488,2018/1/20, 9:25,NV6773,D,325,2018/1/20,10:40:00,NV6773,D,EMD,GPD,W,128,113
PK489,2018/1/20, 9:30,GN0439,D,738,2018/1/20,11:00:00,GN0284,D,DHP,KOH,W,132,114
PK490,2018/1/20, 9:35,NV3513,D,73H,2018/1/20,10:45:00,NV3512,D,UZO,UZO,W,129,115
PK491,2018/1/20, 9:35,NV6655,D,320,2018/1/20,11:15:00,NV6622,D,ZOU,UBP,W,135,115
PK492,2018/1/20, 9:40,GN0571,D,73H,2018/1/20,14:15:00,GN966,I,LXF,CLL,W,171,116
PK493,2018/1/20, 9:40,NV6533,D,320,2018/1/20,11:05:00,NV6536,D,DLH,DLH,W,133,116
PK494,2018/1/20, 9:45,GN0493,D,738,2018/1/20,10:50:00,GN0493,D,LXM,DHR,W,130,117
PK495,2018/1/20, 9:45,NV6163,I,325,2018/1/20,11:25:00,NV6390,D,JDO,AVI,W,137,117
PK496,2018/1/20, 9:50,GN0181,D,738,2018/1/20,11:05:00,GN0298,D,UTO,TIF,W,133,118
PK497,2018/1/20, 9:50,GN0413,D,738,2018/1/20,11:10:00,GN0530,D,DBO,IOZ,W,134,118
PK498,2018/1/20, 9:50,NV6479,D,319,2018/1/20,11:05:00,NV6752,D,DTY,EMD,W,133,118
PK499,2018/1/20, 9:50,NV837,I,319,2018/1/20,13:00:00,NV3194,D,ILH,UTO,W,156,118
PK500,2018/1/20, 9:55,GN0471,D,73A,2018/1/20,11:30:00,GN0208,D,AIB,BPH,W,138,119
PK501,2018/1/20, 9:55,NV6313,D,325,2018/1/20,11:00:00,NV6518,D,IBL,DUV,W,132,119