,飞机转场记录号,到达日期,到达时刻,到达航班,到达类型,飞机型号,出发日期,出发时刻,出发航班,出发类型,上线机场,下线机场,机体类别
0,PK001,2018/1/19,10:00:00,NV6294,D,321,2018/1/19,12:40:00,NV3118,I,QFL,NGN,W
1,PK002,2018/1/19,10:00:00,NV898,D,33E,2018/1/19,12:30:00,NV898,I,XOA,GDP,N
2,PK003,2018/1/19,10:05:00,GN0471,D,73A,2018/1/19,11:20:00,GN0460,D,AIB,AIB,W
3,PK004,2018/1/19,10:05:00,NV6513,D,320,2018/1/19,12:30:00,NV305,D,DUV,DUV,W
4,PK005,2018/1/19,10:10:00,GN0411,D,73H,2018/1/19,12:00:00,GN0236,D,TXB,SJA,W
5,PK006,2018/1/19,10:10:00,NV6443,D,325,2018/1/19,12:15:00,NV6144,I,TAY,JDO,W
6,PK007,2018/1/19,10:15:00,NV3120,D,73H,2018/1/19,11:15:00,NV3120,I,XVI,GTA,W
7,PK008,2018/1/19,10:15:00,NV632,D,325,2018/1/19,11:45:00,NV632,I,YJZ,OSU,W
8,PK009,2018/1/19,10:20:00,GN0495,D,73A,2018/1/19,11:30:00,GN0208,D,OOH,BPH,W
9,PK010,2018/1/19,10:20:00,NV323,I,325,2018/1/19,11:25:00,NV6390,D,NOM,AVI,W
10,PK011,2018/1/19,10:20:00,NV687,I,325,2018/1/19,11:25:00,NV618,I,IOE,ILH,W
11,PK012,2018/1/19,10:25:00,NV6731,D,325,2018/1/19,12:15:00,NV6118,I,ISC,UQF,W
12,PK013,2018/1/19,10:25:00,NV820,D,320,2018/1/19,11:35:00,NV820,I,MIX,OHP,W
13,PK014,2018/1/19,10:30:00,GN0457,D,738,2018/1/19,13:05:00,GN0656,D,DHP,XVU,W
14,PK015,2018/1/19,10:30:00,NV858,D,73H,2018/1/19,12:15:00,NV858,I,LNH,LJY,W
15,PK016,2018/1/19,10:35:00,NV6713,D,320,2018/1/19,12:25:00,NV6713,D,TIF,AIB,W
16,PK017,2018/1/19,10:40:00,GN0271,D,73H,2018/1/19,12:00:00,GN0492,D,DHR,LXM,W
17,PK018,2018/1/19,10:40:00,NV303,I,320,2018/1/19,12:30:00,NV303,D,OHP,YJZ,W
18,PK019,2018/1/19,10:45:00,NV643,I,320,2018/1/19,12:05:00,NV6770,D,GVL,EMD,W
19,PK020,2018/1/19,11:00:00,NV305,I,319,2018/1/19,12:15:00,NV6316,D,IJK,ITO,W
20,PK021,2018/1/19,11:00:00,NV6148,D,320,2018/1/19,12:20:00,NV6148,I,DUV,DKV,W
21,PK022,2018/1/19,11:00:00,NV639,I,319,2018/1/19,12:50:00,NV3194,D,PLK,UTO,W
22,PK023,2018/1/19,11:00:00,NV6785,D,320,2018/1/19,12:15:00,NV614,I,EMD,ILH,W
23,PK024,2018/1/19,11:20:00,NV6535,D,320,2018/1/19,13:05:00,NV6488,D,DLH,TZY,W
24,PK025,2018/1/19,11:25:00,NV841,I,325,2018/1/19,13:10:00,NV398,I,LJY,PLB,W
25,PK026,2018/1/19,11:55:00,NV835,I,325,2018/1/19,13:15:00,NV610,I,ILH,ILH,W
26,PK027,2018/1/19,12:20:00,NV6749,D,320,2018/1/19,13:25:00,NV6510,D,IEH,MZJ,W
27,PK028,2018/1/19,12:20:00,NV867,D,33E,2018/1/19,15:45:00,NV6116,I,LNH,UQF,N
28,PK029,2018/1/19,12:25:00,GN0253,D,73A,2018/1/19,13:35:00,GN0204,D,CQF,TIF,W
29,PK030,2018/1/19,12:25:00,NV3703,I,73H,2018/1/19,13:55:00,NV3703,D,OHP,XVI,W
30,PK031,2018/1/19,12:40:00,GN0491,D,738,2018/1/19,15:50:00,GN0326,D,LXM,AVI,W
31,PK032,2018/1/19,12:55:00,NV674,D,33L,2018/1/19,14:25:00,NV674,I,QFL,EFM,N
32,PK033,2018/1/19,13:00:00,GN0201,D,73H,2018/1/19,14:20:00,GN0250,D,KOA,YNO,W
33,PK034,2018/1/19,13:05:00,NV3287,D,73E,2018/1/19,16:30:00,NV6556,D,ARA,LXF,W
34,PK035,2018/1/19,13:05:00,NV6165,I,323,2018/1/19,14:10:00,NV6722,D,UBF,EMD,W
35,PK036,2018/1/19,13:10:00,GN0235,D,73H,2018/1/19,14:45:00,GN938,I,UWT,JDO,W
36,PK037,2018/1/19,13:15:00,NV3266,D,325,2018/1/19,14:15:00,NV3269,D,YJZ,YJZ,W
37,PK038,2018/1/19,13:20:00,NV6155,I,320,2018/1/19,14:25:00,NV6494,D,QVT,AZJ,W
38,PK039,2018/1/19,13:25:00,NV6735,D,73E,2018/1/19,14:30:00,NV6198,I,EMD,GVL,W
39,PK040,2018/1/19,13:40:00,GN913,I,73H,2018/1/19,19:30:00,GN942,I,UTB,ILU,W
40,PK041,2018/1/19,13:40:00,NV6719,D,320,2018/1/19,14:50:00,NV6718,D,IJB,TIF,W
41,PK042,2018/1/19,13:50:00,GN932,D,738,2018/1/19,14:55:00,GN932,I,DHP,LJY,W
42,PK043,2018/1/19,13:50:00,NV383,I,321,2018/1/19,15:30:00,NV383,D,OSU,QFL,W
43,PK044,2018/1/19,13:55:00,NV6153,I,325,2018/1/19,14:45:00,*****,D,JDO,***,W
44,PK045,2018/1/19,13:55:00,NV6727,D,320,2018/1/19,14:55:00,NV6762,D,ZLI,ZOK,W
45,PK046,2018/1/19,14:10:00,NV6575,D,320,2018/1/19,15:20:00,NV6574,D,IGF,IGF,W
46,PK047,2018/1/19,14:20:00,NV3654,D,73E,2018/1/19,15:25:00,NV6318,D,XVI,MAI,W
47,PK048,2018/1/19,14:25:00,NV6171,I,325,2018/1/19,16:15:00,NV6742,D,DKV,GPD,W
48,PK049,2018/1/19,14:25:00,NV631,I,319,2018/1/19,15:40:00,NV6378,D,OHT,ZCQ,W
49,PK050,2018/1/19,14:30:00,NV387,I,319,2018/1/19,16:30:00,NV6614,D,NZK,HZT,W
50,PK051,2018/1/19,14:35:00,NV6359,D,320,2018/1/19,15:35:00,NV6716,D,EBU,INJ,W
51,PK052,2018/1/19,14:40:00,GN0477,D,73H,2018/1/19,16:10:00,GN0638,D,ZJI,DBO,W
52,PK053,2018/1/19,14:40:00,GN0573,D,73A,2018/1/19,15:45:00,GN0246,D,XYO,CBW,W
53,PK054,2018/1/19,14:40:00,NV656,D,33E,2018/1/19,16:10:00,NV656,I,DHR,TJO,N
54,PK055,2018/1/19,14:45:00,NV6711,D,325,2018/1/19,17:10:00,NV686,I,GPD,IOE,W
55,PK056,2018/1/19,14:50:00,GN953,I,73H,2018/1/19,21:35:00,GN0560,D,CLL,LXF,W
56,PK057,2018/1/19,14:50:00,NV613,I,321,2018/1/19,16:15:00,NV616,I,ILH,ILH,W
57,PK058,2018/1/19,14:50:00,NV6553,D,319,2018/1/19,17:20:00,NV3273,D,EBY,YJZ,W
58,PK059,2018/1/19,14:50:00,NV681,I,773,2018/1/19,20:00:00,NV308,I,DEH,KGL,N
59,PK060,2018/1/19,14:55:00,GN0283,D,73E,2018/1/19,15:55:00,GN0362,D,ISC,IBL,W
60,PK061,2018/1/19,14:55:00,GN0479,D,73E,2018/1/19,16:05:00,GN0280,D,TIF,DHR,W
61,PK062,2018/1/19,14:55:00,GN0523,D,73E,2018/1/20,16:20:00,GN0256,D,NJH,ZDV,W
62,PK063,2018/1/19,14:55:00,NV337,I,323,2018/1/19,16:10:00,NV6374,D,LJY,ZOU,W
63,PK064,2018/1/19,15:00:00,NV899,I,33E,2018/1/19,20:20:00,NV672,I,GDP,TZE,N
64,PK065,2018/1/19,15:00:00,*****,D,325,2018/1/19,15:50:00,NV3465,D,***,MIX,W
65,PK066,2018/1/19,15:10:00,GN0423,D,323,2018/1/19,16:20:00,GN0642,D,DBO,IBL,W
66,PK067,2018/1/19,15:15:00,NV629,I,73H,2018/1/19,16:50:00,NV629,D,GVL,XVI,W
67,PK068,2018/1/19,15:20:00,GN0203,D,738,2018/1/19,16:10:00,*****,D,EMD,***,W
68,PK069,2018/1/19,15:20:00,NV382,D,321,2018/1/19,16:55:00,NV382,I,QFL,OSU,W
69,PK070,2018/1/19,15:25:00,NV6453,D,323,2018/1/19,16:45:00,NV0746,D,TAY,LXM,W
70,PK071,2018/1/19,15:30:00,NV657,I,33E,2018/1/19,19:45:00,NV848,I,TJO,NFM,N
71,PK072,2018/1/19,15:35:00,GN0497,D,73L,2018/1/20,17:05:00,GN0644,D,OOH,YNO,W
72,PK073,2018/1/19,15:35:00,NV641,I,320,2018/1/19,16:40:00,NV6736,D,OHP,EMD,W
73,PK074,2018/1/19,15:35:00,NV6537,D,320,2018/1/19,16:50:00,NV6768,D,DLH,IEH,W
74,PK075,2018/1/19,15:35:00,NV669,I,319,2018/1/19,17:40:00,NV304,I,LNR,IJK,W
75,PK076,2018/1/19,15:40:00,GN965,I,73H,2018/1/19,18:00:00,GN0454,D,CLL,EZH,W
76,PK077,2018/1/19,15:40:00,NV6173,I,323,2018/1/19,17:05:00,NV6462,D,JDO,TAY,W
77,PK078,2018/1/19,15:45:00,NV302,D,320,2018/1/19,17:15:00,NV302,I,YJZ,OHP,W
78,PK079,2018/1/19,15:55:00,NV627,I,73E,2018/1/19,19:15:00,NV3787,D,LJY,ZJI,W
79,PK080,2018/1/19,15:55:00,NV6657,D,325,2018/1/19,18:10:00,NV830,I,ZOU,LJY,W
80,PK081,2018/1/19,15:55:00,NV813,I,320,2018/1/19,17:35:00,NV6726,D,ILH,ZLI,W
81,PK082,2018/1/19,16:05:00,NV6715,D,320,2018/1/19,17:40:00,NV6710,D,TIF,IJB,W
82,PK083,2018/1/19,16:15:00,NV3260,D,320,2018/1/19,18:05:00,NV3277,D,YJZ,YJZ,W
83,PK084,2018/1/19,16:15:00,NV6149,I,320,2018/1/19,18:00:00,NV6149,D,DKV,DUV,W
84,PK085,2018/1/19,16:20:00,NV6377,D,319,2018/1/19,20:00:00,NV6486,D,CIZ,EZH,W
85,PK086,2018/1/19,16:20:00,NV683,I,33L,2018/1/19,17:20:00,NV682,I,IOM,IOM,N
86,PK087,2018/1/19,16:30:00,NV3197,I,325,2018/1/19,17:30:00,NV6162,I,PLB,JDO,W
87,PK088,2018/1/19,16:30:00,NV3702,D,73H,2018/1/19,18:00:00,NV3702,I,XVI,OHP,W
88,PK089,2018/1/19,16:30:00,NV663,I,33H,2018/1/20,13:30:00,NV692,I,MIS,ZWS,N
89,PK090,2018/1/19,16:35:00,NV304,D,325,2018/1/19,18:30:00,NV834,I,DUV,ILH,W
90,PK091,2018/1/19,16:35:00,NV635,I,773,2018/1/19,21:00:00,NV688,I,OSU,MBY,N
91,PK092,2018/1/19,16:50:00,GN0637,D,738,2018/1/19,17:55:00,GN0636,D,XOA,XOA,W
92,PK093,2018/1/19,16:55:00,NV391,I,33L,2018/1/19,20:40:00,NV658,I,DUT,CLL,N
93,PK094,2018/1/19,16:55:00,NV693,I,33H,2018/1/20,13:00:00,NV662,I,ZWS,MIS,N
94,PK095,2018/1/19,17:00:00,*****,D,738,2018/1/19,17:50:00,GN0332,D,***,MIX,W
95,PK096,2018/1/19,17:05:00,NV6781,D,320,2018/1/19,18:10:00,NV642,I,EMD,GVL,W
96,PK097,2018/1/19,17:10:00,NV6119,I,325,2018/1/19,20:55:00,NV6720,D,UQF,ISC,W
97,PK098,2018/1/19,17:20:00,GN0299,D,738,2018/1/19,18:20:00,GN976,I,TIF,LCW,W
98,PK099,2018/1/19,17:20:00,GN0333,D,738,2018/1/19,20:05:00,GN0452,D,MIX,EZH,W
99,PK100,2018/1/19,17:30:00,NV6145,I,325,2018/1/19,20:00:00,NV860,I,JDO,QOI,W
100,PK101,2018/1/19,17:30:00,NV619,I,325,2018/1/19,18:40:00,NV624,I,ILH,SFQ,W
101,PK102,2018/1/19,17:35:00,GN0209,D,73A,2018/1/20,13:50:00,GN0658,D,BPH,UHP,W
102,PK103,2018/1/19,17:40:00,NV6301,D,325,2018/1/21, 8:5,NV3263,D,AVI,YJZ,W
103,PK104,2018/1/19,17:50:00,NV697,I,773,2018/1/20, 0:20,NV840,I,MBY,NFM,N
104,PK105,2018/1/19,17:55:00,NV3786,D,73E,2018/1/19,19:30:00,NV3631,D,ZJI,XVI,W
105,PK106,2018/1/19,17:55:00,NV6489,D,773,2018/1/20, 0:55,NV880,I,TZY,BLM,N
106,PK107,2018/1/19,18:00:00,NV601,I,773,2018/1/20, 0:5,NV664,I,TGP,DEH,N
107,PK108,2018/1/19,18:05:00,NV821,I,33H,2018/1/20, 0:20,NV608,I,NBE,ZWS,N
108,PK109,2018/1/19,18:05:00,NV897,D,33H,2018/1/21,13:00:00,NV662,I,YJZ,MIS,N
109,PK110,2018/1/19,18:10:00,GN0461,D,73H,2018/1/19,19:30:00,GN972,I,LXM,LVM,W
110,PK111,2018/1/19,18:15:00,NV3131,I,73H,2018/1/19,19:45:00,NV3131,D,GTA,XVI,W
111,PK112,2018/1/19,18:20:00,NV6253,D,320,2018/1/20,10:10:00,NV316,I,MMW,DOY,W
112,PK113,2018/1/19,18:20:00,NV831,I,320,2018/1/19,19:35:00,NV831,D,OHP,MIX,W
113,PK114,2018/1/19,18:25:00,NV615,I,320,2018/1/19,19:50:00,NV6784,D,ILH,EMD,W
114,PK115,2018/1/19,18:30:00,NV3421,D,319,2018/1/19,19:35:00,NV3410,D,YOO,YOO,W
115,PK116,2018/1/19,18:30:00,NV6525,D,325,2018/1/19,21:25:00,NV6472,D,DUV,TAY,W
116,PK117,2018/1/19,18:35:00,NV6779,D,320,2018/1/20, 7:45,NV6738,D,EMD,EMD,W
117,PK118,2018/1/19,18:40:00,GN941,I,73H,2018/1/19,19:45:00,GN978,I,QVT,CLJ,W
118,PK119,2018/1/19,18:40:00,NV6703,D,319,2018/1/19,19:30:00,*****,D,IAI,***,W
119,PK120,2018/1/19,18:45:00,NV399,I,325,2018/1/19,21:00:00,NV6312,D,PLB,IBL,W
120,PK121,2018/1/19,18:50:00,GN0465,D,738,2018/1/19,21:20:00,GN0428,D,XFI,DBO,W
121,PK122,2018/1/19,18:50:00,GN951,I,73H,2018/1/19,20:00:00,GN968,I,CLL,ILU,W
122,PK123,2018/1/19,18:55:00,GN0287,D,738,2018/1/19,21:10:00,GN0287,D,DHR,LXM,W
123,PK124,2018/1/19,18:55:00,NV6663,D,320,2018/1/19,23:10:00,NV6156,I,MZJ,DSL,W
124,PK125,2018/1/19,18:55:00,NV859,I,73H,2018/1/19,21:00:00,NV859,D,LJY,LNH,W
125,PK126,2018/1/19,19:10:00,GN0641,D,738,2018/1/19,21:00:00,GN946,I,XOA,IOE,W
126,PK127,2018/1/19,19:15:00,NV3119,I,321,2018/1/19,21:15:00,NV6297,D,NGN,QFL,W
127,PK128,2018/1/19,19:15:00,NV6714,D,320,2018/1/19,21:25:00,NV6714,D,AIB,TIF,W
128,PK129,2018/1/19,19:20:00,NV319,I,773,2018/1/20, 0:5,NV846,I,ZZA,TZE,N
129,PK130,2018/1/19,19:30:00,NV6199,I,73E,2018/1/19,21:30:00,NV3655,D,GVL,XVI,W
130,PK131,2018/1/19,19:30:00,NV673,I,33E,2018/1/20, 0:10,NV320,I,TZE,GSB,N
131,PK132,2018/1/19,19:30:00,NV699,I,773,2018/1/19,21:40:00,NV699,D,KGL,GPD,N
132,PK133,2018/1/19,19:35:00,NV633,I,325,2018/1/19,21:05:00,NV633,D,OSU,YJZ,W
133,PK134,2018/1/19,19:40:00,NV3622,D,319,2018/1/19,21:10:00,NV836,I,XVI,ILH,W
134,PK135,2018/1/19,19:40:00,NV849,I,33E,2018/1/19,23:30:00,NV654,I,NFM,TJO,N
135,PK136,2018/1/19,19:50:00,NV6753,D,319,2018/1/20, 8:15,NV6358,D,EMD,EBU,W
136,PK137,2018/1/19,20:00:00,GN939,I,73H,2018/1/19,21:05:00,GN0260,D,JDO,DHR,W
137,PK138,2018/1/19,20:00:00,NV6324,D,73H,2018/1/19,21:00:00,NV6325,D,UZO,UZO,W
138,PK139,2018/1/19,20:00:00,NV6527,D,320,2018/1/19,21:30:00,NV6528,D,DUV,DUV,W
139,PK140,2018/1/19,20:00:00,NV827,I,33E,2018/1/19,21:55:00,NV826,I,COF,COF,N
140,PK141,2018/1/19,20:05:00,GN0205,D,73A,2018/1/19,21:00:00,GN0494,D,TIF,OOH,W
141,PK142,2018/1/19,20:10:00,GN0237,D,73H,2018/1/20,10:40:00,GN920,I,SJA,UTB,W
142,PK143,2018/1/19,20:10:00,GN0261,D,73H,2018/1/19,21:05:00,GN0300,D,YNO,TXB,W
143,PK144,2018/1/19,20:10:00,NV621,I,325,2018/1/20, 1:50,NV322,I,ILH,NOM,W
144,PK145,2018/1/19,20:10:00,NV6317,D,319,2018/1/20,13:55:00,NV6540,D,ITO,UTO,W
145,PK146,2018/1/19,20:15:00,NV6551,D,320,2018/1/19,21:05:00,NV6544,D,UTO,DLH,W
146,PK147,2018/1/19,20:15:00,NV6725,D,320,2018/1/20, 8:20,NV6724,D,ISC,ISC,W
147,PK148,2018/1/19,20:20:00,NV6549,D,319,2018/1/20, 9:30,NV306,I,OBP,LJK,W
148,PK149,2018/1/19,20:25:00,NV317,I,320,2018/1/20, 0:15,NV6134,I,DOY,DFC,W
149,PK150,2018/1/19,20:25:00,NV3278,D,325,2018/1/20, 6:40,NV3446,D,YJZ,YJZ,W
150,PK151,2018/1/19,20:30:00,NV6117,I,33E,2018/1/20,10:05:00,NV866,D,UQF,LNH,N
151,PK152,2018/1/19,20:30:00,NV6578,D,320,2018/1/19,21:35:00,NV6578,D,TZY,IGF,W
152,PK153,2018/1/19,20:30:00,NV6772,D,325,2018/1/19,22:05:00,NV6772,D,GPD,EMD,W
153,PK154,2018/1/19,20:40:00,*****,D,319,2018/1/19,21:30:00,NV6478,D,***,DTY,W
154,PK155,2018/1/19,20:45:00,NV6375,D,323,2018/1/20, 9:0,NV6230,D,ZOU,QFL,W
155,PK156,2018/1/19,21:00:00,NV6495,D,320,2018/1/20, 8:0,NV6154,I,AZJ,QVT,W
156,PK157,2018/1/19,21:00:00,NV6633,D,320,2018/1/19,22:10:00,NV6632,D,UBP,UBP,W
157,PK158,2018/1/19,21:00:00,NV6811,D,320,2018/1/19,22:20:00,NV6811,D,VSD,OHC,W
158,PK159,2018/1/19,21:05:00,NV651,I,33E,2018/1/20,12:30:00,NV898,I,IOE,GDP,N
159,PK160,2018/1/19,21:05:00,NV6642,D,320,2018/1/19,22:20:00,NV6642,D,TIF,LIO,W
160,PK161,2018/1/19,21:10:00,NV6643,D,320,2018/1/19,22:00:00,NV392,I,LIO,THO,W
161,PK162,2018/1/19,21:15:00,GN0409,D,738,2018/1/19,22:40:00,GN0368,D,DTY,YNO,W
162,PK163,2018/1/19,21:15:00,GN933,I,738,2018/1/19,22:45:00,GN933,D,LJY,DHP,W
163,PK164,2018/1/19,21:20:00,GN0629,D,738,2018/1/19,22:20:00,GN0620,D,XOA,XOA,W
164,PK165,2018/1/19,21:20:00,NV6699,D,320,2018/1/20, 8:55,NV336,I,GPD,LJY,W
165,PK166,2018/1/19,21:30:00,GN997,I,73H,2018/1/19,22:30:00,GN952,I,LVM,CLL,W
166,PK167,2018/1/19,21:30:00,NV679,I,33E,2018/1/19,22:20:00,*****,D,TJO,***,N
167,PK168,2018/1/19,21:40:00,NV6241,D,325,2018/1/20, 9:25,NV6376,D,QFL,CIZ,W
168,PK169,2018/1/19,21:45:00,NV6737,D,320,2018/1/19,22:50:00,NV3993,D,EMD,OLH,W
169,PK170,2018/1/19,21:50:00,NV3270,D,321,2018/1/20, 8:5,NV3263,D,YJZ,YJZ,W
170,PK171,2018/1/19,21:50:00,NV6319,D,73E,2018/1/20, 8:30,NV6734,D,MAI,EMD,W
171,PK172,2018/1/19,22:00:00,GN0257,D,73H,2018/1/19,22:50:00,*****,D,ZDV,***,W
172,PK173,2018/1/19,22:00:00,GN0541,D,738,2018/1/20, 6:40,GN0480,D,IOZ,LXM,W
173,PK174,2018/1/19,22:00:00,NV6405,D,320,2018/1/20, 9:55,NV3280,D,DHP,ZOU,W
174,PK175,2018/1/19,22:05:00,GN0489,D,73E,2018/1/20, 7:30,GN0282,D,LXM,ISC,W
175,PK176,2018/1/19,22:05:00,NV3553,D,320,2018/1/19,23:15:00,NV6652,D,UOB,UOB,W
176,PK177,2018/1/19,22:05:00,NV6769,D,320,2018/1/20, 8:35,NV612,I,IEH,ILH,W
177,PK178,2018/1/19,22:10:00,GN945,I,73H,2018/1/20, 9:40,GN0476,D,CLL,ZJI,W
178,PK179,2018/1/19,22:15:00,NV6763,D,320,2018/1/20, 6:40,NV6748,D,ZOK,IEH,W
179,PK180,2018/1/19,22:25:00,GN0247,D,73A,2018/1/20, 6:55,GN0252,D,CBW,CQF,W
180,PK181,2018/1/19,22:25:00,GN0645,D,325,2018/1/20, 8:55,GN0478,D,YNO,TIF,W
181,PK182,2018/1/19,22:30:00,GN0291,D,73E,2018/1/20, 8:0,GN0522,D,DHR,NJH,W
182,PK183,2018/1/19,22:30:00,GN0639,D,73H,2018/1/20, 9:10,GN912,I,DBO,UTB,W
183,PK184,2018/1/19,22:45:00,NV0747,D,323,2018/1/20, 9:5,NV6446,D,LXM,TAY,W
184,PK185,2018/1/19,22:50:00,NV617,I,321,2018/1/20, 8:55,NV6616,D,ILH,GPD,W
185,PK186,2018/1/19,22:50:00,NV6379,D,319,2018/1/20, 9:50,NV872,I,ZCQ,LPK,W
186,PK187,2018/1/19,22:55:00,NV6615,D,319,2018/1/20, 8:25,NV6548,D,HZT,OBP,W
187,PK188,2018/1/19,23:00:00,NV6557,D,73E,2018/1/20, 6:55,NV3286,D,LXF,ARA,W
188,PK189,2018/1/19,23:10:00,GN0285,D,73A,2018/1/20, 9:25,GN936,I,KOH,UPZ,W
189,PK190,2018/1/19,23:10:00,NV3464,D,325,2018/1/20,10:15:00,NV6160,I,MIX,DKV,W
190,PK191,2018/1/19,23:15:00,GN0363,D,73E,2018/1/20, 9:0,GN0414,D,IBL,DBO,W
191,PK192,2018/1/19,23:20:00,GN0455,D,73H,2018/1/20, 7:35,GN0234,D,EZH,UWT,W
192,PK193,2018/1/19,23:20:00,NV3447,D,319,2018/1/20, 9:20,NV6504,D,YJZ,DLH,W
193,PK194,2018/1/19,23:25:00,NV6471,D,323,2018/1/20,11:10:00,NV6656,D,TAY,ZOU,W
194,PK195,2018/1/19,23:30:00,NV3195,D,319,2018/1/20, 9:5,NV6514,D,UTO,DUV,W
195,PK196,2018/1/19,23:40:00,GN0643,D,323,2018/1/20,14:10:00,NV6722,D,IBL,EMD,W
196,PK197,2018/1/19,23:55:00,GN0405,D,73E,2018/1/20, 9:25,GN0548,D,ETO,CBW,W
197,PK198,2018/1/19, 0:15,GN0679,D,738,2018/1/19, 1:5,*****,D,DHP,***,W
198,PK199,2018/1/19, 0:15,NV6723,D,325,2018/1/19, 1:5,*****,D,EMD,***,W
199,PK200,2018/1/19, 0:20,GN967,I,738,2018/1/19, 9:25,GN0630,D,CLL,XOA,W
200,PK201,2018/1/19, 0:25,NV6201,D,319,2018/1/19, 7:30,NV3615,D,MMG,XVI,W
201,PK202,2018/1/19, 1:30,NV6487,D,319,2018/1/19, 8:20,NV6552,D,EZH,EBY,W
202,PK203,2018/1/19, 1:35,GN0453,D,738,2018/1/19,10:25:00,GN0628,D,EZH,XOA,W
203,PK204,2018/1/19, 1:45,GN0659,D,73A,2018/1/19, 9:5,GN0572,D,UHP,XYO,W
204,PK205,2018/1/19, 4:10,NV677,I,332,2018/1/19,17:10:00,NV6170,I,TJO,DHL,N
205,PK206,2018/1/19, 4:25,NV625,I,325,2018/1/19, 9:15,NV6152,I,SFQ,JDO,W
206,PK207,2018/1/19, 4:55,NV675,I,33L,2018/1/19, 6:55,NV675,D,EFM,QFL,N
207,PK208,2018/1/19, 5:0,NV847,I,773,2018/1/20,14:20:00,NV690,I,TZE,TGP,N
208,PK209,2018/1/19, 5:10,NV609,I,33H,2018/1/19,13:30:00,NV692,I,ZWS,ZWS,N
209,PK210,2018/1/19, 5:15,NV309,I,773,2018/1/19, 9:10,NV634,I,KGL,OSU,N
210,PK211,2018/1/19, 5:20,NV871,I,325,2018/1/19,10:20:00,NV3196,I,QOI,PLB,W
211,PK212,2018/1/19, 5:40,NV655,I,33E,2018/1/19, 7:40,NV655,D,TJO,DHR,N
212,PK213,2018/1/19, 5:45,NV891,I,773,2018/1/19,13:20:00,NV694,I,BLM,MBY,N
213,PK214,2018/1/19, 5:55,GN979,I,73H,2018/1/19,12:00:00,GN944,I,CLJ,CLL,W
214,PK215,2018/1/19, 5:55,NV851,I,773,2018/1/19,11:40:00,NV828,I,NFM,PSE,N
215,PK216,2018/1/19, 6:0,GN977,I,738,2018/1/19,10:15:00,GN0464,D,LCW,XFI,W
216,PK217,2018/1/19, 6:25,NV689,I,773,2018/1/19,12:05:00,NV318,I,MBY,ZZA,N
217,PK218,2018/1/19, 6:30,GN943,I,73H,2018/1/19, 9:20,GN996,I,ILU,LVM,W
218,PK219,2018/1/19, 7:0,NV6157,I,320,2018/1/19, 8:15,NV6358,D,DSL,EBU,W
219,PK220,2018/1/19, 7:0,NV665,I,773,2018/1/19,10:00:00,NV6579,D,DEH,TZY,N
220,PK221,2018/1/19, 7:15,GN969,I,73H,2018/1/19, 9:10,GN912,I,ILU,UTB,W
221,PK222,2018/1/19, 7:20,GN973,I,73H,2018/1/19, 8:35,GN940,I,LVM,CLL,W
222,PK223,2018/1/19, 7:20,NV659,I,33L,2018/1/19,14:35:00,NV676,I,CLL,TJO,N
223,PK224,2018/1/19, 7:40,NV331,I,33E,2018/1/19,13:00:00,NV640,I,GSB,IOE,N
224,PK225,2018/1/19, 7:5,NV393,I,320,2018/1/19, 9:30,NV6576,D,THO,LIO,W
225,PK226,2018/1/19, 8:15,NV6700,D,320,2018/1/19, 9:15,NV6700,D,OHC,VSD,W
226,PK227,2018/1/19, 8:25,NV3992,D,320,2018/1/19, 9:30,NV630,I,OLH,OHP,W
227,PK228,2018/1/19, 8:35,NV6135,I,320,2018/1/19,10:10:00,NV316,I,DFC,DOY,W
228,PK229,2018/1/19, 8:35,*****,D,738,2018/1/19, 9:25,GN0408,D,***,DTY,W
229,PK230,2018/1/19, 8:40,NV6577,D,320,2018/1/19, 9:50,NV6577,D,LIO,TIF,W
230,PK231,2018/1/19, 8:40,NV6697,D,73H,2018/1/19, 9:45,NV6612,D,XOA,XOA,W
231,PK232,2018/1/19, 8:45,NV6579,D,320,2018/1/19,13:55:00,NV6540,D,IGF,UTO,W
232,PK233,2018/1/19, 8:45,NV6645,D,320,2018/1/19,10:20:00,NV3552,D,UOB,UOB,W
233,PK234,2018/1/19, 8:55,GN0369,D,738,2018/1/19,10:35:00,GN0202,D,YNO,EMD,W
234,PK235,2018/1/19, 8:55,NV3620,D,73E,2018/1/19,10:00:00,NV626,I,XVI,LJY,W
235,PK236,2018/1/19, 8:55,NV6623,D,320,2018/1/19, 9:55,NV3280,D,UBP,ZOU,W
236,PK237,2018/1/19, 9:15,NV628,D,73H,2018/1/19,10:35:00,NV628,I,XVI,GVL,W
237,PK238,2018/1/19, 9:15,NV6313,D,325,2018/1/19,10:15:00,NV6160,I,IBL,DKV,W
238,PK239,2018/1/19, 9:20,NV698,D,773,2018/1/19,11:30:00,NV698,I,GPD,KGL,N
239,PK240,2018/1/19, 9:25,NV6773,D,325,2018/1/19,10:40:00,NV6773,D,EMD,GPD,W
240,PK241,2018/1/19, 9:30,GN0439,D,738,2018/1/19,21:45:00,GN0170,D,DHP,UTO,W
241,PK242,2018/1/19, 9:35,NV3513,D,73H,2018/1/19,10:45:00,NV3512,D,UZO,UZO,W
242,PK243,2018/1/19, 9:35,NV602,D,33L,2018/1/19,11:25:00,NV602,I,TZY,TWP,N
243,PK244,2018/1/19, 9:35,NV6655,D,320,2018/1/19,11:15:00,NV6622,D,ZOU,UBP,W
244,PK245,2018/1/19, 9:40,GN0571,D,73A,2018/1/19,11:00:00,GN0284,D,LXF,KOH,W
245,PK246,2018/1/19, 9:40,NV6533,D,320,2018/1/19,11:05:00,NV6536,D,DLH,DLH,W
246,PK247,2018/1/19, 9:45,GN0493,D,738,2018/1/19,11:00:00,GN0493,D,LXM,DHR,W
247,PK248,2018/1/19, 9:45,NV6163,I,325,2018/1/19,11:10:00,NV6656,D,JDO,ZOU,W
248,PK249,2018/1/19, 9:50,GN0181,D,738,2018/1/19,11:05:00,GN0298,D,UTO,TIF,W
249,PK250,2018/1/19, 9:50,GN0413,D,738,2018/1/19,14:15:00,GN966,I,DBO,CLL,W
250,PK251,2018/1/19, 9:50,NV6479,D,319,2018/1/19,11:05:00,NV6752,D,DTY,EMD,W
251,PK252,2018/1/19, 9:50,NV837,I,325,2018/1/19,11:00:00,NV6518,D,ILH,DUV,W
252,PK253,2018/1/20,10:00:00,NV6294,D,321,2018/1/20,12:40:00,NV3118,I,QFL,NGN,W
253,PK254,2018/1/20,10:05:00,NV6513,D,320,2018/1/20,12:30:00,NV305,D,DUV,DUV,W
254,PK255,2018/1/20,10:10:00,GN0411,D,73H,2018/1/20,12:00:00,GN944,I,TXB,CLL,W
255,PK256,2018/1/20,10:10:00,NV6443,D,325,2018/1/20,13:05:00,NV6488,D,TAY,TZY,W
256,PK257,2018/1/20,10:15:00,NV3120,D,73H,2018/1/20,11:15:00,NV3120,I,XVI,GTA,W
257,PK258,2018/1/20,10:15:00,NV632,D,325,2018/1/20,11:45:00,NV632,I,YJZ,OSU,W
258,PK259,2018/1/20,10:20:00,GN0495,D,73A,2018/1/20,11:20:00,GN0460,D,OOH,AIB,W
259,PK260,2018/1/20,10:20:00,NV323,I,325,2018/1/20,12:15:00,NV614,I,NOM,ILH,W
260,PK261,2018/1/20,10:20:00,NV687,I,325,2018/1/20,12:15:00,NV6144,I,IOE,JDO,W
261,PK262,2018/1/20,10:25:00,NV6731,D,325,2018/1/20,11:25:00,NV618,I,ISC,ILH,W
262,PK263,2018/1/20,10:25:00,NV820,D,320,2018/1/20,11:35:00,NV820,I,MIX,OHP,W
263,PK264,2018/1/20,10:30:00,GN0457,D,738,2018/1/20,13:05:00,GN0446,D,DHP,MGR,W
264,PK265,2018/1/20,10:30:00,NV858,D,73H,2018/1/20,12:15:00,NV858,I,LNH,LJY,W
265,PK266,2018/1/20,10:35:00,NV6713,D,320,2018/1/20,12:25:00,NV6713,D,TIF,AIB,W
266,PK267,2018/1/20,10:40:00,GN0271,D,73H,2018/1/20,12:00:00,GN0236,D,DHR,SJA,W
267,PK268,2018/1/20,10:40:00,NV303,I,320,2018/1/20,12:30:00,NV303,D,OHP,YJZ,W
268,PK269,2018/1/20,10:45:00,NV643,I,320,2018/1/20,12:05:00,NV6732,D,GVL,EMD,W
269,PK270,2018/1/20,11:00:00,NV305,I,319,2018/1/20,12:15:00,NV6316,D,IJK,ITO,W
270,PK271,2018/1/20,11:00:00,NV6785,D,320,2018/1/20,13:10:00,NV398,I,EMD,PLB,W
271,PK272,2018/1/20,11:05:00,NV6307,D,320,2018/1/20,18:05:00,NV6308,D,DUV,DUV,W
272,PK273,2018/1/20,11:20:00,NV6535,D,320,2018/1/20,12:10:00,*****,D,DLH,***,W
273,PK274,2018/1/20,11:25:00,NV841,I,325,2018/1/20,13:15:00,NV610,I,LJY,ILH,W
274,PK275,2018/1/20,12:00:00,NV835,I,325,2018/1/20,18:10:00,NV830,I,ILH,LJY,W
275,PK276,2018/1/20,12:20:00,NV6749,D,320,2018/1/20,13:25:00,NV6510,D,IEH,MZJ,W
276,PK277,2018/1/20,12:25:00,GN0253,D,73A,2018/1/20,13:35:00,GN0204,D,CQF,TIF,W
277,PK278,2018/1/20,12:25:00,NV3703,I,73H,2018/1/20,13:55:00,NV3703,D,OHP,XVI,W
278,PK279,2018/1/20,12:40:00,GN0491,D,738,2018/1/20,15:50:00,GN0326,D,LXM,AVI,W
279,PK280,2018/1/20,12:55:00,NV674,D,33L,2018/1/20,14:25:00,NV674,I,QFL,EFM,N
280,PK281,2018/1/20,13:00:00,GN0201,D,73H,2018/1/20,14:05:00,GN930,I,KOA,QVT,W
281,PK282,2018/1/20,13:05:00,NV3287,D,73E,2018/1/20,16:30:00,NV6556,D,ARA,LXF,W
282,PK283,2018/1/20,13:10:00,GN0235,D,73H,2018/1/20,14:20:00,GN0250,D,UWT,YNO,W
283,PK284,2018/1/20,13:15:00,NV3266,D,325,2018/1/20,14:15:00,NV3269,D,YJZ,YJZ,W
284,PK285,2018/1/20,13:20:00,NV6155,I,320,2018/1/20,14:25:00,NV6494,D,QVT,AZJ,W
285,PK286,2018/1/20,13:25:00,NV6735,D,73E,2018/1/20,14:30:00,NV6198,I,EMD,GVL,W
286,PK287,2018/1/20,13:40:00,GN913,I,73H,2018/1/20,14:45:00,GN938,I,UTB,JDO,W
287,PK288,2018/1/20,13:40:00,NV6719,D,320,2018/1/20,14:50:00,NV6718,D,IJB,TIF,W
288,PK289,2018/1/20,13:50:00,GN932,D,738,2018/1/20,14:55:00,GN932,I,DHP,LJY,W
289,PK290,2018/1/20,13:50:00,NV383,I,321,2018/1/20,15:30:00,NV383,D,OSU,QFL,W
290,PK291,2018/1/20,13:55:00,NV6727,D,320,2018/1/20,17:25:00,NV6768,D,ZLI,IEH,W
291,PK292,2018/1/20,14:00:00,NV6153,I,325,2018/1/20,15:45:00,NV6116,I,JDO,UQF,W
292,PK293,2018/1/20,14:10:00,NV6575,D,320,2018/1/20,15:20:00,NV6574,D,IGF,IGF,W
293,PK294,2018/1/20,14:20:00,NV3654,D,73E,2018/1/20,15:25:00,NV6318,D,XVI,MAI,W
294,PK295,2018/1/20,14:25:00,NV6171,I,325,2018/1/20,16:15:00,NV6742,D,DKV,GPD,W
295,PK296,2018/1/20,14:25:00,NV873,I,319,2018/1/20,15:40:00,NV6378,D,LPK,ZCQ,W
296,PK297,2018/1/20,14:30:00,NV6709,D,323,2018/1/20,17:20:00,NV3273,D,DHR,YJZ,W
297,PK298,2018/1/20,14:35:00,NV6359,D,319,2018/1/20,16:30:00,NV6614,D,EBU,HZT,W
298,PK299,2018/1/20,14:40:00,GN0477,D,73H,2018/1/20,16:10:00,GN0638,D,ZJI,DBO,W
299,PK300,2018/1/20,14:45:00,NV6685,D,320,2018/1/20,15:55:00,NV6685,D,LPX,UBP,W
300,PK301,2018/1/20,14:45:00,NV6711,D,325,2018/1/20,17:10:00,NV686,I,GPD,IOE,W
301,PK302,2018/1/20,14:50:00,GN953,I,73H,2018/1/20,19:30:00,GN942,I,CLL,ILU,W
302,PK303,2018/1/20,14:50:00,NV613,I,320,2018/1/20,16:15:00,NV616,I,ILH,ILH,W
303,PK304,2018/1/20,14:50:00,NV681,I,33H,2018/1/20,16:10:00,NV656,I,DEH,TJO,N
304,PK305,2018/1/20,14:55:00,GN0283,D,73E,2018/1/20,15:55:00,GN0362,D,ISC,IBL,W
305,PK306,2018/1/20,14:55:00,GN0479,D,325,2018/1/20,16:05:00,GN0280,D,TIF,DHR,W
306,PK307,2018/1/20,14:55:00,GN0523,D,73E,2018/1/20,16:35:00,GN0348,D,NJH,TZY,W
307,PK308,2018/1/20,15:00:00,NV899,I,33E,2018/1/20,20:20:00,NV672,I,GDP,TZE,N
308,PK309,2018/1/20,15:00:00,*****,D,320,2018/1/20,15:50:00,NV3465,D,***,MIX,W
309,PK310,2018/1/20,15:10:00,GN0423,D,73E,2018/1/20,16:20:00,GN0642,D,DBO,IBL,W
310,PK311,2018/1/20,15:15:00,NV629,I,73H,2018/1/20,16:50:00,NV629,D,GVL,XVI,W
311,PK312,2018/1/20,15:20:00,GN0203,D,738,2018/1/20,16:10:00,*****,D,EMD,***,W
312,PK313,2018/1/20,15:20:00,NV382,D,321,2018/1/20,16:55:00,NV382,I,QFL,OSU,W
313,PK314,2018/1/20,15:25:00,GN931,I,73H,2018/1/20,17:00:00,GN980,I,UTB,LCW,W
314,PK315,2018/1/20,15:25:00,NV6453,D,323,2018/1/20,16:45:00,NV0746,D,TAY,LXM,W
315,PK316,2018/1/20,15:30:00,NV657,I,33E,2018/1/20,19:45:00,NV848,I,TJO,NFM,N
316,PK317,2018/1/20,15:35:00,NV641,I,320,2018/1/20,16:40:00,NV6736,D,OHP,EMD,W
317,PK318,2018/1/20,15:40:00,GN965,I,73H,2018/1/20,18:30:00,GN964,I,CLL,CLL,W
318,PK319,2018/1/20,15:45:00,NV302,D,320,2018/1/20,17:15:00,NV302,I,YJZ,OHP,W
319,PK320,2018/1/20,15:55:00,GN0549,D,73E,2018/1/20,17:30:00,GN0404,D,CBW,ETO,W
320,PK321,2018/1/20,15:55:00,GN937,I,73A,2018/1/20,17:00:00,GN0246,D,UPZ,CBW,W
321,PK322,2018/1/20,15:55:00,NV627,I,73E,2018/1/20,19:15:00,NV3787,D,LJY,ZJI,W
322,PK323,2018/1/20,15:55:00,NV6657,D,323,2018/1/20,17:05:00,NV6462,D,ZOU,TAY,W
323,PK324,2018/1/20,15:55:00,NV813,I,325,2018/1/20,17:30:00,NV6162,I,ILH,JDO,W
324,PK325,2018/1/20,16:05:00,NV6715,D,320,2018/1/20,17:40:00,NV6710,D,TIF,IJB,W
325,PK326,2018/1/20,16:15:00,NV3260,D,320,2018/1/20,18:05:00,NV3277,D,YJZ,YJZ,W
326,PK327,2018/1/20,16:20:00,NV6377,D,325,2018/1/20,18:30:00,NV834,I,CIZ,ILH,W
327,PK328,2018/1/20,16:20:00,NV683,I,33L,2018/1/21, 7:55,NV380,I,IOM,DUT,N
328,PK329,2018/1/20,16:30:00,NV3197,I,320,2018/1/20,17:35:00,NV6726,D,PLB,ZLI,W
329,PK330,2018/1/20,16:30:00,NV3702,D,73H,2018/1/20,18:00:00,NV3702,I,XVI,OHP,W
330,PK331,2018/1/20,16:30:00,NV663,I,33H,2018/1/20,20:05:00,NV6588,D,MIS,LNH,N
331,PK332,2018/1/20,16:35:00,NV304,D,319,2018/1/20,17:40:00,NV304,I,DUV,IJK,W
332,PK333,2018/1/20,16:35:00,NV635,I,773,2018/1/20,20:00:00,NV308,I,OSU,KGL,N
333,PK334,2018/1/20,16:40:00,NV307,I,319,2018/1/20,17:35:00,NV638,I,LJK,PLK,W
334,PK335,2018/1/20,16:50:00,GN0637,D,738,2018/1/20,17:55:00,GN0636,D,XOA,XOA,W
335,PK336,2018/1/20,16:55:00,NV391,I,33L,2018/1/21,13:40:00,NV342,I,DUT,DNC,N
336,PK337,2018/1/20,16:55:00,NV6717,D,320,2018/1/20,18:10:00,NV642,I,INJ,GVL,W
337,PK338,2018/1/20,16:55:00,NV693,I,33H,2018/1/21, 0:15,NV882,I,ZWS,BNT,N
338,PK339,2018/1/20,17:00:00,*****,D,738,2018/1/20,17:50:00,GN0332,D,***,MIX,W
339,PK340,2018/1/20,17:10:00,NV6119,I,33E,2018/1/21,12:30:00,NV898,I,UQF,GDP,N
340,PK341,2018/1/20,17:20:00,GN0299,D,738,2018/1/20,18:20:00,GN976,I,TIF,LCW,W
341,PK342,2018/1/20,17:20:00,GN0333,D,738,2018/1/21,15:50:00,GN0326,D,MIX,AVI,W
342,PK343,2018/1/20,17:30:00,NV6145,I,325,2018/1/21, 9:15,NV6152,I,JDO,JDO,W
343,PK344,2018/1/20,17:30:00,NV619,I,325,2018/1/20,18:40:00,NV624,I,ILH,SFQ,W
344,PK345,2018/1/20,17:35:00,GN0209,D,73A,2018/1/20,21:00:00,GN0494,D,BPH,OOH,W
345,PK346,2018/1/20,17:40:00,NV6301,D,325,2018/1/20,20:55:00,NV6720,D,AVI,ISC,W
346,PK347,2018/1/20,17:50:00,NV697,I,773,2018/1/20,21:00:00,NV688,I,MBY,MBY,N
347,PK348,2018/1/20,18:00:00,NV3786,D,73E,2018/1/20,19:30:00,NV3631,D,ZJI,XVI,W
348,PK349,2018/1/20,18:00:00,NV601,I,773,2018/1/21, 0:20,NV840,I,TGP,NFM,N
349,PK350,2018/1/20,18:10:00,GN0461,D,73H,2018/1/20,19:30:00,GN972,I,LXM,LVM,W
350,PK351,2018/1/20,18:15:00,NV3131,I,73H,2018/1/20,19:45:00,NV3131,D,GTA,XVI,W
351,PK352,2018/1/20,18:20:00,NV6489,D,33L,2018/1/20,20:40:00,NV658,I,TZY,CLL,N
352,PK353,2018/1/20,18:20:00,NV831,I,320,2018/1/20,19:35:00,NV831,D,OHP,MIX,W
353,PK354,2018/1/20,18:25:00,NV615,I,325,2018/1/20,21:00:00,NV6312,D,ILH,IBL,W
354,PK355,2018/1/20,18:30:00,NV3421,D,319,2018/1/20,19:35:00,NV3410,D,YOO,YOO,W
355,PK356,2018/1/20,18:30:00,NV6525,D,325,2018/1/20,21:25:00,NV6472,D,DUV,TAY,W
356,PK357,2018/1/20,18:35:00,NV6739,D,320,2018/1/21, 7:45,NV6738,D,EMD,EMD,W
357,PK358,2018/1/20,18:40:00,GN941,I,73H,2018/1/20,19:45:00,GN978,I,QVT,CLJ,W
358,PK359,2018/1/20,18:45:00,NV399,I,320,2018/1/20,19:50:00,NV6784,D,PLB,EMD,W
359,PK360,2018/1/20,18:50:00,GN0465,D,738,2018/1/20,20:05:00,GN0452,D,XFI,EZH,W
360,PK361,2018/1/20,18:50:00,GN951,I,73H,2018/1/20,20:00:00,GN968,I,CLL,ILU,W
361,PK362,2018/1/20,18:50:00,NV3622,D,319,2018/1/20,20:00:00,NV6486,D,XVI,EZH,W
362,PK363,2018/1/20,18:50:00,NV829,I,773,2018/1/21, 0:5,NV664,I,PSE,DEH,N
363,PK364,2018/1/20,18:55:00,GN0287,D,738,2018/1/20,21:10:00,GN0287,D,DHR,LXM,W
364,PK365,2018/1/20,18:55:00,NV6663,D,320,2018/1/20,20:00:00,NV860,I,MZJ,QOI,W
365,PK366,2018/1/20,18:55:00,NV859,I,73H,2018/1/20,21:00:00,NV859,D,LJY,LNH,W
366,PK367,2018/1/20,19:10:00,GN0641,D,738,2018/1/20,21:20:00,GN0428,D,XOA,DBO,W
367,PK368,2018/1/20,19:15:00,NV3119,I,321,2018/1/20,21:15:00,NV6297,D,NGN,QFL,W
368,PK369,2018/1/20,19:15:00,NV6714,D,320,2018/1/20,21:25:00,NV6714,D,AIB,TIF,W
369,PK370,2018/1/20,19:20:00,NV319,I,773,2018/1/21, 0:5,NV846,I,ZZA,TZE,N
370,PK371,2018/1/20,19:20:00,NV337,I,320,2018/1/20,23:10:00,NV6156,I,LJY,DSL,W
371,PK372,2018/1/20,19:30:00,NV6199,I,73E,2018/1/20,21:30:00,NV3655,D,GVL,XVI,W
372,PK373,2018/1/20,19:30:00,NV673,I,33E,2018/1/21, 0:10,NV320,I,TZE,GSB,N
373,PK374,2018/1/20,19:30:00,NV699,I,773,2018/1/20,21:40:00,NV699,D,KGL,GPD,N
374,PK375,2018/1/20,19:35:00,NV633,I,325,2018/1/20,21:05:00,NV633,D,OSU,YJZ,W
375,PK376,2018/1/20,19:40:00,NV6763,D,320,2018/1/20,21:05:00,NV6544,D,ZOK,DLH,W
376,PK377,2018/1/20,19:40:00,NV849,I,33E,2018/1/20,23:30:00,NV654,I,NFM,TJO,N
377,PK378,2018/1/20,19:50:00,NV6753,D,319,2018/1/20,21:10:00,NV836,I,EMD,ILH,W
378,PK379,2018/1/20,20:00:00,GN939,I,73H,2018/1/20,21:05:00,GN0300,D,JDO,TXB,W
379,PK380,2018/1/20,20:00:00,NV6324,D,73E,2018/1/20,21:00:00,NV6325,D,UZO,UZO,W
380,PK381,2018/1/20,20:00:00,NV6527,D,320,2018/1/20,21:30:00,NV6528,D,DUV,DUV,W
381,PK382,2018/1/20,20:00:00,NV827,I,33E,2018/1/20,21:55:00,NV826,I,COF,COF,N
382,PK383,2018/1/20,20:05:00,GN0205,D,73A,2018/1/20,21:35:00,GN0560,D,TIF,LXF,W
383,PK384,2018/1/20,20:10:00,GN0237,D,73H,2018/1/21, 9:10,GN912,I,SJA,UTB,W
384,PK385,2018/1/20,20:10:00,GN0261,D,73H,2018/1/20,21:05:00,GN0260,D,YNO,DHR,W
385,PK386,2018/1/20,20:10:00,NV621,I,325,2018/1/21, 1:50,NV322,I,ILH,NOM,W
386,PK387,2018/1/20,20:10:00,NV6317,D,319,2018/1/21, 8:15,NV6358,D,ITO,EBU,W
387,PK388,2018/1/20,20:15:00,NV6551,D,319,2018/1/20,21:05:00,*****,D,UTO,***,W
388,PK389,2018/1/20,20:15:00,NV6725,D,320,2018/1/21, 8:20,NV6724,D,ISC,ISC,W
389,PK390,2018/1/20,20:20:00,NV6549,D,319,2018/1/21, 8:25,NV6548,D,OBP,OBP,W
390,PK391,2018/1/20,20:25:00,NV317,I,320,2018/1/21, 0:15,NV6134,I,DOY,DFC,W
391,PK392,2018/1/20,20:25:00,NV3278,D,325,2018/1/21, 6:40,NV3446,D,YJZ,YJZ,W
392,PK393,2018/1/20,20:30:00,NV6117,I,325,2018/1/21, 9:0,NV6230,D,UQF,QFL,W
393,PK394,2018/1/20,20:30:00,NV6578,D,325,2018/1/21, 9:0,NV6532,D,TZY,DLH,W
394,PK395,2018/1/20,20:30:00,NV6772,D,325,2018/1/20,22:05:00,NV6772,D,GPD,EMD,W
395,PK396,2018/1/20,20:40:00,*****,D,319,2018/1/20,21:30:00,NV6478,D,***,DTY,W
396,PK397,2018/1/20,21:00:00,NV6495,D,320,2018/1/21, 8:0,NV6154,I,AZJ,QVT,W
397,PK398,2018/1/20,21:00:00,NV6633,D,320,2018/1/20,22:10:00,NV6632,D,UBP,UBP,W
398,PK399,2018/1/20,21:00:00,NV6811,D,320,2018/1/20,22:20:00,NV6811,D,VSD,OHC,W
399,PK400,2018/1/20,21:05:00,NV651,I,33H,2018/1/21,12:25:00,NV670,I,IOE,DEH,N
400,PK401,2018/1/20,21:05:00,NV6642,D,320,2018/1/20,22:20:00,NV6642,D,TIF,LIO,W
401,PK402,2018/1/20,21:10:00,NV6643,D,320,2018/1/20,22:00:00,NV392,I,LIO,THO,W
402,PK403,2018/1/20,21:15:00,GN0409,D,738,2018/1/20,22:40:00,GN0368,D,DTY,YNO,W
403,PK404,2018/1/20,21:15:00,GN933,I,738,2018/1/21, 6:40,GN0480,D,LJY,LXM,W
404,PK405,2018/1/20,21:15:00,NV6505,D,319,2018/1/21, 9:30,NV668,I,DLH,LNR,W
405,PK406,2018/1/20,21:20:00,GN0629,D,738,2018/1/20,22:20:00,GN0620,D,XOA,XOA,W
406,PK407,2018/1/20,21:20:00,NV6653,D,320,2018/1/20,22:30:00,NV6652,D,UOB,UOB,W
407,PK408,2018/1/20,21:20:00,NV6699,D,321,2018/1/21, 8:55,NV6616,D,GPD,GPD,W
408,PK409,2018/1/20,21:30:00,GN997,I,73H,2018/1/20,22:30:00,GN952,I,LVM,CLL,W
409,PK410,2018/1/20,21:30:00,NV6733,D,320,2018/1/21, 6:40,NV6748,D,EMD,IEH,W
410,PK411,2018/1/20,21:30:00,NV679,I,33E,2018/1/21, 9:20,NV678,I,TJO,TJO,N
411,PK412,2018/1/20,21:40:00,NV6241,D,323,2018/1/21, 9:5,NV6446,D,QFL,TAY,W
412,PK413,2018/1/20,21:45:00,GN0455,D,738,2018/1/20,22:45:00,GN933,D,EZH,DHP,W
413,PK414,2018/1/20,21:45:00,NV6737,D,320,2018/1/20,22:50:00,NV3993,D,EMD,OLH,W
414,PK415,2018/1/20,21:50:00,NV6319,D,73E,2018/1/20,22:50:00,NV3652,D,MAI,DBO,W
415,PK416,2018/1/20,22:00:00,GN0257,D,73E,2018/1/21, 8:0,GN0522,D,ZDV,NJH,W
416,PK417,2018/1/20,22:00:00,GN0541,D,738,2018/1/21, 8:30,GN0678,D,IOZ,DHP,W
417,PK418,2018/1/20,22:00:00,NV6405,D,320,2018/1/21, 8:30,NV6636,D,DHP,ZOU,W
418,PK419,2018/1/20,22:05:00,GN0489,D,73E,2018/1/21, 7:30,GN0282,D,LXM,ISC,W
419,PK420,2018/1/20,22:05:00,NV3270,D,321,2018/1/21,12:40:00,NV3118,I,YJZ,NGN,W
420,PK421,2018/1/20,22:10:00,GN945,I,73H,2018/1/21, 9:20,GN996,I,CLL,LVM,W
421,PK422,2018/1/20,22:25:00,GN0645,D,73L,2018/1/20,23:15:00,*****,D,YNO,***,W
422,PK423,2018/1/20,22:30:00,GN0291,D,325,2018/1/21, 8:45,GN0496,D,DHR,OOH,W
423,PK424,2018/1/20,22:30:00,GN0639,D,73H,2018/1/21, 7:35,GN0234,D,DBO,UWT,W
424,PK425,2018/1/20,22:30:00,NV6769,D,320,2018/1/21, 6:55,NV6252,D,IEH,MMW,W
425,PK426,2018/1/20,22:45:00,NV0747,D,323,2018/1/21, 9:5,NV336,I,LXM,LJY,W
426,PK427,2018/1/20,22:50:00,NV617,I,320,2018/1/21,17:20:00,NV3273,D,ILH,YJZ,W
427,PK428,2018/1/20,22:50:00,NV6379,D,319,2018/1/21, 9:55,NV6202,D,ZCQ,ZDV,W
428,PK429,2018/1/20,22:55:00,NV6615,D,319,2018/1/21, 7:45,NV3615,D,HZT,XVI,W
429,PK430,2018/1/20,23:00:00,NV6557,D,73E,2018/1/21, 6:55,NV3286,D,LXF,ARA,W
430,PK431,2018/1/20,23:10:00,GN0285,D,738,2018/1/21,10:25:00,GN0628,D,KOH,XOA,W
431,PK432,2018/1/20,23:10:00,NV3464,D,320,2018/1/21, 8:35,NV612,I,MIX,ILH,W
432,PK433,2018/1/20,23:15:00,GN0363,D,73E,2018/1/21, 9:0,GN0414,D,IBL,DBO,W
433,PK434,2018/1/20,23:20:00,NV3447,D,323,2018/1/21,10:15:00,NV6160,I,YJZ,DKV,W
434,PK435,2018/1/20,23:25:00,GN0447,D,738,2018/1/21, 8:50,GN0456,D,MGR,DHP,W
435,PK436,2018/1/20,23:25:00,NV6471,D,323,2018/1/21,10:20:00,NV6172,I,TAY,JDO,W
436,PK437,2018/1/20,23:30:00,NV3195,D,319,2018/1/21, 9:5,NV6514,D,UTO,DUV,W
437,PK438,2018/1/20,23:40:00,GN0643,D,73E,2018/1/21, 9:0,GN0478,D,IBL,TIF,W
438,PK439,2018/1/20,23:50:00,GN0247,D,73A,2018/1/21, 9:5,GN0572,D,CBW,XYO,W
439,PK440,2018/1/20,23:55:00,GN0405,D,73E,2018/1/21, 9:25,GN0548,D,ETO,CBW,W
440,PK441,2018/1/20, 0:10,GN0349,D,73E,2018/1/20,15:50:00,GN0488,D,TZY,LXM,W
441,PK442,2018/1/20, 0:15,GN0401,D,738,2018/1/20, 8:30,GN0678,D,DHP,DHP,W
442,PK443,2018/1/20, 0:15,NV6723,D,323,2018/1/20, 7:50,NV6708,D,EMD,DHR,W
443,PK444,2018/1/20, 0:20,GN967,I,738,2018/1/20, 8:50,GN0456,D,CLL,DHP,W
444,PK445,2018/1/20, 0:25,NV6589,D,33H,2018/1/20,12:25:00,NV810,I,LNH,NBE,N
445,PK446,2018/1/20, 0:5,GN0657,D,738,2018/1/20, 8:10,GN0454,D,XVU,EZH,W
446,PK447,2018/1/20, 1:30,NV6487,D,319,2018/1/20, 6:55,NV3615,D,EZH,XVI,W
447,PK448,2018/1/20, 1:35,GN0453,D,738,2018/1/20, 9:15,GN0630,D,EZH,XOA,W
448,PK449,2018/1/20, 4:10,NV677,I,33L,2018/1/20, 7:55,NV380,I,TJO,DUT,N
449,PK450,2018/1/20, 4:25,NV625,I,325,2018/1/20, 9:15,NV6152,I,SFQ,JDO,W
450,PK451,2018/1/20, 4:40,GN947,I,738,2018/1/20,10:15:00,GN0464,D,IOE,XFI,W
451,PK452,2018/1/20, 4:55,NV675,I,33L,2018/1/20, 6:55,NV675,D,EFM,QFL,N
452,PK453,2018/1/20, 5:0,NV847,I,773,2018/1/20,13:20:00,NV694,I,TZE,MBY,N
453,PK454,2018/1/20, 5:15,NV309,I,773,2018/1/20, 9:10,NV634,I,KGL,OSU,N
454,PK455,2018/1/20, 5:20,NV871,I,325,2018/1/20, 9:25,NV812,I,QOI,ILH,W
455,PK456,2018/1/20, 5:35,NV347,I,33L,2018/1/20,12:10:00,NV346,I,NMF,NMF,N
456,PK457,2018/1/20, 5:40,NV655,I,332,2018/1/21,12:10:00,NV6118,I,TJO,UQF,N
457,PK458,2018/1/20, 5:45,NV891,I,773,2018/1/21, 0:55,NV880,I,BLM,BLM,N
458,PK459,2018/1/20, 5:55,GN979,I,73H,2018/1/20, 7:10,GN0290,D,CLJ,KOA,W
459,PK460,2018/1/20, 5:55,NV343,I,33E,2018/1/20,12:15:00,NV6118,I,DNC,UQF,N
460,PK461,2018/1/20, 5:55,NV851,I,773,2018/1/20,11:40:00,NV828,I,NFM,PSE,N
461,PK462,2018/1/20, 6:0,GN977,I,738,2018/1/20,10:25:00,GN0628,D,LCW,XOA,W
462,PK463,2018/1/20, 6:25,NV6181,I,332,2018/1/20,14:35:00,NV676,I,DHL,TJO,N
463,PK464,2018/1/20, 6:25,NV689,I,773,2018/1/20,12:05:00,NV318,I,MBY,ZZA,N
464,PK465,2018/1/20, 6:30,GN943,I,73H,2018/1/20, 9:20,GN996,I,ILU,LVM,W
465,PK466,2018/1/20, 6:55,NV883,I,33H,2018/1/20,13:00:00,NV640,I,BNT,IOE,N
466,PK467,2018/1/20, 7:0,NV6157,I,320,2018/1/20, 8:30,NV6762,D,DSL,ZOK,W
467,PK468,2018/1/20, 7:0,NV665,I,773,2018/1/20,12:25:00,NV670,I,DEH,DEH,N
468,PK469,2018/1/20, 7:15,GN969,I,73H,2018/1/20,12:00:00,GN0492,D,ILU,LXM,W
469,PK470,2018/1/20, 7:20,GN973,I,73H,2018/1/20, 8:35,GN940,I,LVM,CLL,W
470,PK471,2018/1/20, 7:20,NV659,I,33L,2018/1/20,17:20:00,NV682,I,CLL,IOM,N
471,PK472,2018/1/20, 7:5,NV393,I,320,2018/1/20, 9:30,NV6576,D,THO,LIO,W
472,PK473,2018/1/20, 7:55,NV6700,D,320,2018/1/20, 9:30,NV6700,D,OHC,VSD,W
473,PK474,2018/1/20, 8:25,NV3992,D,320,2018/1/20, 9:30,NV630,I,OLH,OHP,W
474,PK475,2018/1/20, 8:35,NV6135,I,320,2018/1/20,10:20:00,NV3196,I,DFC,PLB,W
475,PK476,2018/1/20, 8:35,*****,D,738,2018/1/20, 9:25,GN0408,D,***,DTY,W
476,PK477,2018/1/20, 8:40,NV6577,D,320,2018/1/20, 9:50,NV6577,D,LIO,TIF,W
477,PK478,2018/1/20, 8:40,NV6697,D,73H,2018/1/20, 9:45,NV6612,D,XOA,XOA,W
478,PK479,2018/1/20, 8:45,NV6645,D,320,2018/1/20,10:20:00,NV6644,D,UOB,UOB,W
479,PK480,2018/1/20, 8:45,NV6698,D,320,2018/1/20,21:35:00,NV6578,D,IGF,IGF,W
480,PK481,2018/1/20, 8:55,NV3620,D,73E,2018/1/20,10:00:00,NV626,I,XVI,LJY,W
481,PK482,2018/1/20, 8:55,NV6684,D,320,2018/1/20,10:05:00,NV6684,D,UBP,LPX,W
482,PK483,2018/1/20, 9:0,NV603,I,33L,2018/1/20,10:25:00,NV603,D,TWP,TZY,N
483,PK484,2018/1/20, 9:10,GN0631,D,738,2018/1/20,10:00:00,*****,D,XOA,***,W
484,PK485,2018/1/20, 9:15,NV628,D,73H,2018/1/20,10:35:00,NV628,I,XVI,GVL,W
485,PK486,2018/1/20, 9:20,GN0369,D,738,2018/1/20,10:35:00,GN0202,D,YNO,EMD,W
486,PK487,2018/1/20, 9:20,NV698,D,773,2018/1/20,11:30:00,NV698,I,GPD,KGL,N
487,PK488,2018/1/20, 9:25,NV6773,D,325,2018/1/20,10:40:00,NV6773,D,EMD,GPD,W
488,PK489,2018/1/20, 9:30,GN0439,D,738,2018/1/20,11:00:00,GN0284,D,DHP,KOH,W
489,PK490,2018/1/20, 9:35,NV3513,D,73H,2018/1/20,10:45:00,NV3512,D,UZO,UZO,W
490,PK491,2018/1/20, 9:35,NV6655,D,320,2018/1/20,11:15:00,NV6622,D,ZOU,UBP,W
491,PK492,2018/1/20, 9:40,GN0571,D,73H,2018/1/20,14:15:00,GN966,I,LXF,CLL,W
492,PK493,2018/1/20, 9:40,NV6533,D,320,2018/1/20,11:05:00,NV6536,D,DLH,DLH,W
493,PK494,2018/1/20, 9:45,GN0493,D,738,2018/1/20,10:50:00,GN0493,D,LXM,DHR,W
494,PK495,2018/1/20, 9:45,NV6163,I,325,2018/1/20,11:25:00,NV6390,D,JDO,AVI,W
495,PK496,2018/1/20, 9:50,GN0181,D,738,2018/1/20,11:05:00,GN0298,D,UTO,TIF,W
496,PK497,2018/1/20, 9:50,GN0413,D,738,2018/1/20,11:10:00,GN0530,D,DBO,IOZ,W
497,PK498,2018/1/20, 9:50,NV6479,D,319,2018/1/20,11:05:00,NV6752,D,DTY,EMD,W
498,PK499,2018/1/20, 9:50,NV837,I,319,2018/1/20,13:00:00,NV3194,D,ILH,UTO,W
499,PK500,2018/1/20, 9:55,GN0471,D,73A,2018/1/20,11:30:00,GN0208,D,AIB,BPH,W
500,PK501,2018/1/20, 9:55,NV6313,D,325,2018/1/20,11:00:00,NV6518,D,IBL,DUV,W
501,PK502,2018/1/21,10:00:00,GN0493,D,738,2018/1/21,11:00:00,GN0493,D,LXM,DHR,W
502,PK503,2018/1/21,10:00:00,NV6294,D,33H,2018/1/21,13:30:00,NV692,I,QFL,ZWS,N
503,PK504,2018/1/21,10:05:00,GN0471,D,73A,2018/1/21,11:20:00,GN0460,D,AIB,AIB,W
504,PK505,2018/1/21,10:05:00,NV6513,D,320,2018/1/21,12:30:00,NV305,D,DUV,DUV,W
505,PK506,2018/1/21,10:10:00,GN0411,D,73H,2018/1/21,17:00:00,GN980,I,TXB,LCW,W
506,PK507,2018/1/21,10:10:00,NV6443,D,325,2018/1/21,11:10:00,NV6656,D,TAY,ZOU,W
507,PK508,2018/1/21,10:15:00,NV3120,D,73H,2018/1/21,11:15:00,NV3120,I,XVI,GTA,W
508,PK509,2018/1/21,10:15:00,NV632,D,325,2018/1/21,11:45:00,NV632,I,YJZ,OSU,W
509,PK510,2018/1/21,10:20:00,GN0495,D,73A,2018/1/21,11:30:00,GN0208,D,OOH,BPH,W
510,PK511,2018/1/21,10:20:00,NV323,I,325,2018/1/21,11:25:00,NV618,I,NOM,ILH,W
511,PK512,2018/1/21,10:20:00,NV687,I,325,2018/1/21,11:25:00,NV6390,D,IOE,AVI,W
512,PK513,2018/1/21,10:25:00,NV6731,D,325,2018/1/21,12:15:00,NV614,I,ISC,ILH,W
513,PK514,2018/1/21,10:25:00,NV820,D,320,2018/1/21,11:35:00,NV820,I,MIX,OHP,W
514,PK515,2018/1/21,10:30:00,GN0457,D,738,2018/1/21,13:05:00,GN0656,D,DHP,XVU,W
515,PK516,2018/1/21,10:30:00,NV858,D,73H,2018/1/21,12:15:00,NV858,I,LNH,LJY,W
516,PK517,2018/1/21,10:35:00,NV6713,D,320,2018/1/21,12:25:00,NV6713,D,TIF,AIB,W
517,PK518,2018/1/21,10:40:00,NV303,I,320,2018/1/21,12:30:00,NV303,D,OHP,YJZ,W
518,PK519,2018/1/21,10:45:00,NV643,I,320,2018/1/21,13:25:00,NV6510,D,GVL,MZJ,W
519,PK520,2018/1/21,11:00:00,GN0271,D,73H,2018/1/21,12:15:00,GN0492,D,DHR,LXM,W
520,PK521,2018/1/21,11:00:00,NV305,I,319,2018/1/21,13:00:00,NV6290,D,IJK,MMG,W
521,PK522,2018/1/21,11:00:00,NV6148,D,320,2018/1/21,12:20:00,NV6148,I,DUV,DKV,W
522,PK523,2018/1/21,11:00:00,NV639,I,319,2018/1/21,12:15:00,NV6316,D,PLK,ITO,W
523,PK524,2018/1/21,11:00:00,NV6785,D,320,2018/1/21,13:10:00,NV398,I,EMD,PLB,W
524,PK525,2018/1/21,11:20:00,NV6535,D,320,2018/1/21,13:55:00,NV652,I,DLH,CLL,W
525,PK526,2018/1/21,11:25:00,NV841,I,325,2018/1/21,13:05:00,NV6488,D,LJY,TZY,W
526,PK527,2018/1/21,12:00:00,NV835,I,325,2018/1/21,13:15:00,NV610,I,ILH,ILH,W
527,PK528,2018/1/21,12:20:00,NV6749,D,320,2018/1/21,13:55:00,NV6540,D,IEH,UTO,W
528,PK529,2018/1/21,12:20:00,NV867,D,33E,2018/1/21,15:45:00,NV6116,I,LNH,UQF,N
529,PK530,2018/1/21,12:25:00,GN0253,D,73A,2018/1/21,13:35:00,GN0204,D,CQF,TIF,W
530,PK531,2018/1/21,12:25:00,NV3703,I,73H,2018/1/21,13:55:00,NV3703,D,OHP,XVI,W
531,PK532,2018/1/21,12:55:00,NV674,D,33L,2018/1/21,14:25:00,NV674,I,QFL,EFM,N
532,PK533,2018/1/21,13:00:00,GN0201,D,73H,2018/1/21,14:05:00,GN930,I,KOA,QVT,W
533,PK534,2018/1/21,13:00:00,GN0491,D,738,2018/1/21,14:15:00,GN966,I,LXM,CLL,W
534,PK535,2018/1/21,13:05:00,NV3287,D,73E,2018/1/21,16:30:00,NV6556,D,ARA,LXF,W
535,PK536,2018/1/21,13:05:00,NV6165,I,323,2018/1/21,14:10:00,NV6722,D,UBF,EMD,W
536,PK537,2018/1/21,13:10:00,GN0235,D,73H,2018/1/21,14:20:00,GN0250,D,UWT,YNO,W
537,PK538,2018/1/21,13:15:00,NV3266,D,325,2018/1/21,14:15:00,NV3269,D,YJZ,YJZ,W
538,PK539,2018/1/21,13:20:00,NV6155,I,320,2018/1/21,14:25:00,NV6494,D,QVT,AZJ,W
539,PK540,2018/1/21,13:25:00,NV6735,D,73E,2018/1/21,14:30:00,NV6198,I,EMD,GVL,W
540,PK541,2018/1/21,13:40:00,GN913,I,73H,2018/1/21,14:45:00,GN938,I,UTB,JDO,W
541,PK542,2018/1/21,13:40:00,NV6719,D,320,2018/1/21,14:50:00,NV6718,D,IJB,TIF,W
542,PK543,2018/1/21,13:50:00,GN932,D,738,2018/1/21,14:55:00,GN932,I,DHP,LJY,W
543,PK544,2018/1/21,13:50:00,NV383,I,321,2018/1/21,15:30:00,NV383,D,OSU,QFL,W
544,PK545,2018/1/21,13:55:00,NV6727,D,320,2018/1/21,14:55:00,NV6762,D,ZLI,ZOK,W
545,PK546,2018/1/21,14:00:00,NV6153,I,325,2018/1/21,14:50:00,*****,D,JDO,***,W
546,PK547,2018/1/21,14:10:00,NV6575,D,320,2018/1/21,15:20:00,NV6574,D,IGF,IGF,W
547,PK548,2018/1/21,14:20:00,NV3654,D,73E,2018/1/21,15:25:00,NV6318,D,XVI,MAI,W
548,PK549,2018/1/21,14:25:00,NV6171,I,323,2018/1/21,16:10:00,NV6374,D,DKV,ZOU,W
549,PK550,2018/1/21,14:35:00,NV6359,D,319,2018/1/21,15:40:00,NV6378,D,EBU,ZCQ,W
550,PK551,2018/1/21,14:35:00,NV681,I,773,2018/1/21,20:00:00,NV308,I,DEH,KGL,N
551,PK552,2018/1/21,14:40:00,GN0477,D,73H,2018/1/21,16:20:00,GN0256,D,ZJI,ZDV,W
552,PK553,2018/1/21,14:40:00,GN0573,D,73A,2018/1/21,15:45:00,GN0246,D,XYO,CBW,W
553,PK554,2018/1/21,14:40:00,NV656,D,33H,2018/1/21,16:10:00,NV656,I,DHR,TJO,N
554,PK555,2018/1/21,14:50:00,GN953,I,73H,2018/1/21,16:10:00,GN0638,D,CLL,DBO,W
555,PK556,2018/1/21,14:50:00,NV613,I,320,2018/1/21,16:50:00,NV6768,D,ILH,IEH,W
556,PK557,2018/1/21,14:50:00,NV899,I,33E,2018/1/21,20:20:00,NV672,I,GDP,TZE,N
557,PK558,2018/1/21,14:55:00,GN0283,D,73E,2018/1/21,15:55:00,GN0362,D,ISC,IBL,W
558,PK559,2018/1/21,14:55:00,GN0479,D,73E,2018/1/21,16:05:00,GN0280,D,TIF,DHR,W
559,PK560,2018/1/21,14:55:00,GN0523,D,73E,2018/1/21,16:35:00,GN0348,D,NJH,TZY,W
560,PK561,2018/1/21,14:55:00,NV337,I,323,2018/1/21,16:15:00,NV616,I,LJY,ILH,W
561,PK562,2018/1/21,14:55:00,NV6711,D,325,2018/1/21,16:15:00,NV6742,D,GPD,GPD,W
562,PK563,2018/1/21,15:00:00,*****,D,325,2018/1/21,15:50:00,NV3465,D,***,MIX,W
563,PK564,2018/1/21,15:10:00,GN0423,D,73E,2018/1/21,16:20:00,GN0642,D,DBO,IBL,W
564,PK565,2018/1/21,15:15:00,NV629,I,73H,2018/1/21,16:50:00,NV629,D,GVL,XVI,W
565,PK566,2018/1/21,15:20:00,GN0203,D,738,2018/1/21,16:10:00,*****,D,EMD,***,W
566,PK567,2018/1/21,15:20:00,NV382,D,321,2018/1/21,16:55:00,NV382,I,QFL,OSU,W
567,PK568,2018/1/21,15:20:00,NV6203,D,319,2018/1/21,16:30:00,NV6614,D,ZDV,HZT,W
568,PK569,2018/1/21,15:25:00,NV6453,D,323,2018/1/21,16:45:00,NV0746,D,TAY,LXM,W
569,PK570,2018/1/21,15:30:00,NV657,I,33E,2018/1/21,19:45:00,NV848,I,TJO,NFM,N
570,PK571,2018/1/21,15:35:00,GN0497,D,325,2018/1/21,17:05:00,GN0644,D,OOH,YNO,W
571,PK572,2018/1/21,15:35:00,NV641,I,320,2018/1/21,16:40:00,NV6736,D,OHP,EMD,W
572,PK573,2018/1/21,15:35:00,NV6537,D,325,2018/1/21,17:10:00,NV686,I,DLH,IOE,W
573,PK574,2018/1/21,15:35:00,NV669,I,319,2018/1/21,17:35:00,NV638,I,LNR,PLK,W
574,PK575,2018/1/21,15:40:00,GN965,I,73H,2018/1/21,18:00:00,GN0454,D,CLL,EZH,W
575,PK576,2018/1/21,15:40:00,NV6173,I,323,2018/1/21,17:05:00,NV6462,D,JDO,TAY,W
576,PK577,2018/1/21,15:45:00,NV302,D,320,2018/1/21,17:15:00,NV302,I,YJZ,OHP,W
577,PK578,2018/1/21,15:55:00,GN0549,D,73E,2018/1/21,17:30:00,GN0404,D,CBW,ETO,W
578,PK579,2018/1/21,15:55:00,GN923,I,73H,2018/1/21,18:30:00,GN964,I,ILH,CLL,W
579,PK580,2018/1/21,15:55:00,NV627,I,73E,2018/1/21,19:15:00,NV3787,D,LJY,ZJI,W
580,PK581,2018/1/21,15:55:00,NV6657,D,325,2018/1/21,17:30:00,NV6162,I,ZOU,JDO,W
581,PK582,2018/1/21,16:05:00,NV6715,D,320,2018/1/21,17:40:00,NV6710,D,TIF,IJB,W
582,PK583,2018/1/21,16:15:00,NV3260,D,320,2018/1/21,18:05:00,NV3277,D,YJZ,YJZ,W
583,PK584,2018/1/21,16:15:00,NV6149,I,320,2018/1/21,18:00:00,NV6149,D,DKV,DUV,W
584,PK585,2018/1/21,16:20:00,NV6377,D,325,2018/1/21,18:10:00,NV830,I,CIZ,LJY,W
585,PK586,2018/1/21,16:20:00,NV683,I,33L,2018/1/21,17:20:00,NV682,I,IOM,IOM,N
586,PK587,2018/1/21,16:30:00,NV3197,I,320,2018/1/21,17:35:00,NV6726,D,PLB,ZLI,W
587,PK588,2018/1/21,16:30:00,NV3702,D,73H,2018/1/21,18:00:00,NV3702,I,XVI,OHP,W
588,PK589,2018/1/21,16:30:00,NV663,I,33H,2018/1/21,17:20:00,*****,D,MIS,***,N
589,PK590,2018/1/21,16:35:00,NV304,D,319,2018/1/21,17:40:00,NV304,I,DUV,IJK,W
590,PK591,2018/1/21,16:35:00,NV635,I,773,2018/1/21,21:00:00,NV688,I,OSU,MBY,N
591,PK592,2018/1/21,16:50:00,GN0637,D,738,2018/1/21,17:55:00,GN0636,D,XOA,XOA,W
592,PK593,2018/1/21,16:55:00,NV391,I,33L,2018/1/21,20:40:00,NV658,I,DUT,CLL,N
593,PK594,2018/1/21,16:55:00,NV693,I,33H,2018/1/21,21:15:00,NV6297,D,ZWS,QFL,N
594,PK595,2018/1/21,17:00:00,*****,D,738,2018/1/21,17:50:00,GN0332,D,***,MIX,W
595,PK596,2018/1/21,17:05:00,NV6781,D,320,2018/1/21,18:10:00,NV642,I,EMD,GVL,W
596,PK597,2018/1/21,17:10:00,NV6119,I,332,2018/1/21,18:00:00,*****,D,UQF,***,N
597,PK598,2018/1/21,17:20:00,GN0299,D,738,2018/1/21,20:05:00,GN0452,D,TIF,EZH,W
598,PK599,2018/1/21,17:20:00,GN0333,D,738,2018/1/21,18:20:00,GN976,I,MIX,LCW,W
599,PK600,2018/1/21,17:30:00,NV6145,I,325,2018/1/21,18:40:00,NV624,I,JDO,SFQ,W
600,PK601,2018/1/21,17:30:00,NV619,I,325,2018/1/21,18:30:00,NV834,I,ILH,ILH,W
601,PK602,2018/1/21,17:35:00,GN0209,D,73A,2018/1/21,21:00:00,GN0494,D,BPH,OOH,W
602,PK603,2018/1/21,17:40:00,NV6301,D,325,2018/1/21,18:30:00,*****,D,AVI,***,W
603,PK604,2018/1/21,17:50:00,NV697,I,773,2018/1/21,18:40:00,*****,D,MBY,***,N
604,PK605,2018/1/21,18:00:00,NV3786,D,73E,2018/1/21,19:30:00,NV3631,D,ZJI,XVI,W
605,PK606,2018/1/21,18:00:00,NV601,I,773,2018/1/21,18:50:00,*****,D,TGP,***,N
606,PK607,2018/1/21,18:00:00,NV6489,D,320,2018/1/21,21:05:00,NV6544,D,TZY,DLH,W
607,PK608,2018/1/21,18:05:00,NV821,I,33H,2018/1/21,18:55:00,*****,D,NBE,***,N
608,PK609,2018/1/21,18:10:00,GN0461,D,73H,2018/1/21,19:30:00,GN972,I,LXM,LVM,W
609,PK610,2018/1/21,18:15:00,NV3131,I,73H,2018/1/21,19:45:00,NV3131,D,GTA,XVI,W
610,PK611,2018/1/21,18:20:00,NV6253,D,320,2018/1/21,21:35:00,NV6578,D,MMW,IGF,W
611,PK612,2018/1/21,18:20:00,NV831,I,320,2018/1/21,19:35:00,NV831,D,OHP,MIX,W
612,PK613,2018/1/21,18:25:00,NV615,I,325,2018/1/21,20:55:00,NV6720,D,ILH,ISC,W
613,PK614,2018/1/21,18:30:00,NV3421,D,319,2018/1/21,19:35:00,NV3410,D,YOO,YOO,W
614,PK615,2018/1/21,18:30:00,NV6525,D,325,2018/1/21,21:00:00,NV6312,D,DUV,IBL,W
615,PK616,2018/1/21,18:35:00,NV6739,D,320,2018/1/21,20:00:00,NV860,I,EMD,QOI,W
616,PK617,2018/1/21,18:40:00,GN941,I,73H,2018/1/21,19:45:00,GN978,I,QVT,CLJ,W
617,PK618,2018/1/21,18:40:00,NV6703,D,319,2018/1/21,20:00:00,NV6486,D,IAI,EZH,W
618,PK619,2018/1/21,18:45:00,NV399,I,320,2018/1/21,19:50:00,NV6784,D,PLB,EMD,W
619,PK620,2018/1/21,18:50:00,GN0465,D,738,2018/1/21,21:45:00,GN0170,D,XFI,UTO,W
620,PK621,2018/1/21,18:50:00,GN951,I,73H,2018/1/21,20:00:00,GN968,I,CLL,ILU,W
621,PK622,2018/1/21,18:50:00,NV829,I,773,2018/1/21,19:40:00,*****,D,PSE,***,N
622,PK623,2018/1/21,18:55:00,GN0287,D,738,2018/1/21,21:10:00,GN0287,D,DHR,LXM,W
623,PK624,2018/1/21,18:55:00,NV6663,D,320,2018/1/21,23:10:00,NV6156,I,MZJ,DSL,W
624,PK625,2018/1/21,18:55:00,NV859,I,73H,2018/1/21,21:00:00,NV859,D,LJY,LNH,W
625,PK626,2018/1/21,19:10:00,GN0641,D,738,2018/1/21,21:20:00,GN0428,D,XOA,DBO,W
626,PK627,2018/1/21,19:15:00,NV3119,I,321,2018/1/21,21:25:00,NV6472,D,NGN,TAY,W
627,PK628,2018/1/21,19:15:00,NV6714,D,320,2018/1/21,21:25:00,NV6714,D,AIB,TIF,W
628,PK629,2018/1/21,19:20:00,NV319,I,773,2018/1/21,20:10:00,*****,D,ZZA,***,N
629,PK630,2018/1/21,19:30:00,NV6199,I,73E,2018/1/21,21:30:00,NV3655,D,GVL,XVI,W
630,PK631,2018/1/21,19:30:00,NV673,I,33E,2018/1/21,20:20:00,*****,D,TZE,***,N
631,PK632,2018/1/21,19:30:00,NV699,I,773,2018/1/21,21:40:00,NV699,D,KGL,GPD,N
632,PK633,2018/1/21,19:35:00,NV633,I,325,2018/1/21,21:05:00,NV633,D,OSU,YJZ,W
633,PK634,2018/1/21,19:40:00,NV849,I,33E,2018/1/21,23:30:00,NV654,I,NFM,TJO,N
634,PK635,2018/1/21,19:45:00,NV3622,D,319,2018/1/21,20:35:00,*****,D,XVI,***,W
635,PK636,2018/1/21,19:50:00,NV6753,D,319,2018/1/21,21:10:00,NV836,I,EMD,ILH,W
636,PK637,2018/1/21,20:00:00,GN939,I,73H,2018/1/21,21:05:00,GN0300,D,JDO,TXB,W
637,PK638,2018/1/21,20:00:00,NV6324,D,73H,2018/1/21,21:00:00,NV6325,D,UZO,UZO,W
638,PK639,2018/1/21,20:00:00,NV6527,D,320,2018/1/21,20:50:00,*****,D,DUV,***,W
639,PK640,2018/1/21,20:00:00,NV827,I,33E,2018/1/21,21:55:00,NV826,I,COF,COF,N
640,PK641,2018/1/21,20:05:00,GN0205,D,73A,2018/1/21,21:35:00,GN0560,D,TIF,LXF,W
641,PK642,2018/1/21,20:10:00,GN0237,D,738,2018/1/21,21:15:00,GN946,I,SJA,IOE,W
642,PK643,2018/1/21,20:10:00,GN0261,D,73H,2018/1/21,21:05:00,GN0260,D,YNO,DHR,W
643,PK644,2018/1/21,20:10:00,NV621,I,325,2018/1/21,21:00:00,*****,D,ILH,***,W
644,PK645,2018/1/21,20:10:00,NV6317,D,319,2018/1/21,21:00:00,*****,D,ITO,***,W
645,PK646,2018/1/21,20:15:00,NV6551,D,320,2018/1/21,21:30:00,NV6528,D,UTO,DUV,W
646,PK647,2018/1/21,20:15:00,NV6725,D,320,2018/1/21,21:05:00,*****,D,ISC,***,W
647,PK648,2018/1/21,20:20:00,NV6549,D,319,2018/1/21,21:10:00,*****,D,OBP,***,W
648,PK649,2018/1/21,20:25:00,NV317,I,320,2018/1/21,21:15:00,*****,D,DOY,***,W
649,PK650,2018/1/21,20:25:00,NV3278,D,325,2018/1/21,21:15:00,*****,D,YJZ,***,W
650,PK651,2018/1/21,20:30:00,NV6117,I,33E,2018/1/21,21:20:00,*****,D,UQF,***,N
651,PK652,2018/1/21,20:30:00,NV6578,D,325,2018/1/21,21:20:00,*****,D,TZY,***,W
652,PK653,2018/1/21,20:30:00,NV6772,D,325,2018/1/21,22:05:00,NV6772,D,GPD,EMD,W
653,PK654,2018/1/21,20:40:00,*****,D,319,2018/1/21,21:30:00,NV6478,D,***,DTY,W
654,PK655,2018/1/21,20:45:00,NV6375,D,323,2018/1/21,21:35:00,*****,D,ZOU,***,W
655,PK656,2018/1/21,21:00:00,NV6495,D,320,2018/1/21,21:50:00,*****,D,AZJ,***,W
656,PK657,2018/1/21,21:00:00,NV6633,D,320,2018/1/21,22:10:00,NV6632,D,UBP,UBP,W
657,PK658,2018/1/21,21:00:00,NV6811,D,320,2018/1/21,22:20:00,NV6811,D,VSD,OHC,W
658,PK659,2018/1/21,21:05:00,NV651,I,773,2018/1/21,21:55:00,*****,D,IOE,***,N
659,PK660,2018/1/21,21:05:00,NV6642,D,320,2018/1/21,22:20:00,NV6642,D,TIF,LIO,W
660,PK661,2018/1/21,21:10:00,NV6643,D,320,2018/1/21,22:00:00,NV392,I,LIO,THO,W
661,PK662,2018/1/21,21:15:00,GN0409,D,738,2018/1/21,22:40:00,GN0368,D,DTY,YNO,W
662,PK663,2018/1/21,21:15:00,GN933,I,738,2018/1/21,22:45:00,GN933,D,LJY,DHP,W
663,PK664,2018/1/21,21:20:00,GN0629,D,738,2018/1/21,22:20:00,GN0620,D,XOA,XOA,W
664,PK665,2018/1/21,21:20:00,NV6653,D,320,2018/1/21,22:30:00,NV6652,D,UOB,UOB,W
665,PK666,2018/1/21,21:20:00,NV6699,D,321,2018/1/21,22:10:00,*****,D,GPD,***,W
666,PK667,2018/1/21,21:30:00,GN997,I,73H,2018/1/21,22:30:00,GN952,I,LVM,CLL,W
667,PK668,2018/1/21,21:30:00,NV679,I,33E,2018/1/21,22:20:00,*****,D,TJO,***,N
668,PK669,2018/1/21,21:40:00,NV6241,D,325,2018/1/21,22:30:00,*****,D,QFL,***,W
669,PK670,2018/1/21,21:45:00,NV6737,D,320,2018/1/21,22:50:00,NV3993,D,EMD,OLH,W
670,PK671,2018/1/21,21:50:00,NV3270,D,325,2018/1/21,22:40:00,*****,D,YJZ,***,W
671,PK672,2018/1/21,21:50:00,NV6319,D,73E,2018/1/21,22:40:00,*****,D,MAI,***,W
672,PK673,2018/1/21,22:00:00,GN0257,D,73H,2018/1/21,22:50:00,*****,D,ZDV,***,W
673,PK674,2018/1/21,22:00:00,GN0541,D,738,2018/1/21,22:50:00,*****,D,IOZ,***,W
674,PK675,2018/1/21,22:00:00,NV6405,D,320,2018/1/21,22:50:00,*****,D,DHP,***,W
675,PK676,2018/1/21,22:05:00,GN0489,D,73E,2018/1/21,22:55:00,*****,D,LXM,***,W
676,PK677,2018/1/21,22:05:00,NV6769,D,320,2018/1/21,22:55:00,*****,D,IEH,***,W
677,PK678,2018/1/21,22:10:00,GN945,I,73H,2018/1/21,23:00:00,*****,D,CLL,***,W
678,PK679,2018/1/21,22:15:00,NV6763,D,320,2018/1/21,23:05:00,*****,D,ZOK,***,W
679,PK680,2018/1/21,22:25:00,GN0247,D,73A,2018/1/21,23:15:00,*****,D,CBW,***,W
680,PK681,2018/1/21,22:25:00,GN0645,D,325,2018/1/21,23:15:00,*****,D,YNO,***,W
681,PK682,2018/1/21,22:30:00,GN0291,D,73E,2018/1/21,23:20:00,*****,D,DHR,***,W
682,PK683,2018/1/21,22:30:00,GN0639,D,73H,2018/1/21,23:20:00,*****,D,DBO,***,W
683,PK684,2018/1/21,22:45:00,NV0747,D,323,2018/1/21,23:35:00,*****,D,LXM,***,W
684,PK685,2018/1/21,22:50:00,NV617,I,323,2018/1/21,23:40:00,*****,D,ILH,***,W
685,PK686,2018/1/21,22:50:00,NV6379,D,319,2018/1/21,23:40:00,*****,D,ZCQ,***,W
686,PK687,2018/1/21,22:55:00,NV6615,D,319,2018/1/21,23:45:00,*****,D,HZT,***,W
687,PK688,2018/1/21,23:00:00,NV6557,D,73E,2018/1/21,23:50:00,*****,D,LXF,***,W
688,PK689,2018/1/21,23:10:00,GN0285,D,73A,2018/1/22, 0:0,*****,D,KOH,***,W
689,PK690,2018/1/21,23:10:00,NV3464,D,325,2018/1/22, 0:0,*****,D,MIX,***,W
690,PK691,2018/1/21,23:15:00,GN0363,D,73E,2018/1/22, 0:5,*****,D,IBL,***,W
691,PK692,2018/1/21,23:20:00,GN0455,D,73H,2018/1/22, 0:10,*****,D,EZH,***,W
692,PK693,2018/1/21,23:20:00,NV3447,D,320,2018/1/22, 0:10,*****,D,YJZ,***,W
693,PK694,2018/1/21,23:25:00,NV6471,D,323,2018/1/22, 0:15,*****,D,TAY,***,W
694,PK695,2018/1/21,23:30:00,NV3195,D,319,2018/1/22, 0:20,*****,D,UTO,***,W
695,PK696,2018/1/21,23:40:00,GN0643,D,73E,2018/1/22, 0:30,*****,D,IBL,***,W
696,PK697,2018/1/21,23:55:00,GN0405,D,73E,2018/1/22, 0:45,*****,D,ETO,***,W
697,PK698,2018/1/21, 0:10,GN0349,D,73E,2018/1/21,15:50:00,GN0488,D,TZY,LXM,W
698,PK699,2018/1/21, 0:15,GN0679,D,738,2018/1/21, 1:5,*****,D,DHP,***,W
699,PK700,2018/1/21, 0:15,NV6723,D,323,2018/1/21, 8:10,NV6164,I,EMD,UBF,W
700,PK701,2018/1/21, 0:20,GN967,I,73H,2018/1/21, 7:10,GN0290,D,CLL,KOA,W
701,PK702,2018/1/21, 1:20,NV3653,D,73E,2018/1/21, 8:30,NV6734,D,DBO,EMD,W
702,PK703,2018/1/21, 1:30,NV6487,D,319,2018/1/21, 8:15,NV6702,D,EZH,IAI,W
703,PK704,2018/1/21, 1:35,GN0453,D,738,2018/1/21, 9:25,GN0630,D,EZH,XOA,W
704,PK705,2018/1/21, 1:45,GN0659,D,73A,2018/1/21, 6:55,GN0252,D,UHP,CQF,W
705,PK706,2018/1/21, 4:10,NV677,I,332,2018/1/21,17:10:00,NV6170,I,TJO,DHL,N
706,PK707,2018/1/21, 4:25,NV625,I,325,2018/1/21, 9:30,NV6376,D,SFQ,CIZ,W
707,PK708,2018/1/21, 4:55,NV675,I,33L,2018/1/21, 6:55,NV675,D,EFM,QFL,N
708,PK709,2018/1/21, 5:0,GN991,I,73H,2018/1/21,12:00:00,GN944,I,LCW,CLL,W
709,PK710,2018/1/21, 5:0,NV847,I,773,2018/1/21,14:20:00,NV690,I,TZE,TGP,N
710,PK711,2018/1/21, 5:10,NV609,I,33H,2018/1/21,11:10:00,NV896,D,ZWS,YJZ,N
711,PK712,2018/1/21, 5:15,NV309,I,773,2018/1/21, 9:10,NV634,I,KGL,OSU,N
712,PK713,2018/1/21, 5:20,NV871,I,320,2018/1/21,10:20:00,NV3196,I,QOI,PLB,W
713,PK714,2018/1/21, 5:35,NV347,I,33L,2018/1/21,12:00:00,NV602,I,NMF,TWP,N
714,PK715,2018/1/21, 5:40,NV655,I,33H,2018/1/21, 7:40,NV655,D,TJO,DHR,N
715,PK716,2018/1/21, 5:45,NV891,I,773,2018/1/21,13:20:00,NV694,I,BLM,MBY,N
716,PK717,2018/1/21, 5:55,GN979,I,73H,2018/1/21, 8:35,GN940,I,CLJ,CLL,W
717,PK718,2018/1/21, 5:55,NV851,I,773,2018/1/21,11:40:00,NV828,I,NFM,PSE,N
718,PK719,2018/1/21, 6:0,GN977,I,738,2018/1/21,10:15:00,GN0464,D,LCW,XFI,W
719,PK720,2018/1/21, 6:25,NV689,I,773,2018/1/21,12:05:00,NV318,I,MBY,ZZA,N
720,PK721,2018/1/21, 6:30,GN943,I,73H,2018/1/21, 9:40,GN0476,D,ILU,ZJI,W
721,PK722,2018/1/21, 6:55,NV393,I,320,2018/1/21, 9:30,NV6576,D,THO,LIO,W
722,PK723,2018/1/21, 7:0,NV6157,I,320,2018/1/21,10:10:00,NV316,I,DSL,DOY,W
723,PK724,2018/1/21, 7:0,NV665,I,773,2018/1/21,13:00:00,NV640,I,DEH,IOE,N
724,PK725,2018/1/21, 7:15,GN969,I,73H,2018/1/21,19:30:00,GN942,I,ILU,ILU,W
725,PK726,2018/1/21, 7:20,GN973,I,73H,2018/1/21, 9:35,GN922,I,LVM,ILH,W
726,PK727,2018/1/21, 7:20,NV659,I,33L,2018/1/21,12:10:00,NV346,I,CLL,NMF,N
727,PK728,2018/1/21, 7:40,NV331,I,33E,2018/1/21,14:35:00,NV676,I,GSB,TJO,N
728,PK729,2018/1/21, 8:15,NV6700,D,320,2018/1/21, 9:15,NV6700,D,OHC,VSD,W
729,PK730,2018/1/21, 8:25,NV3992,D,320,2018/1/21, 9:30,NV630,I,OLH,OHP,W
730,PK731,2018/1/21, 8:35,NV6135,I,320,2018/1/21,12:05:00,NV6770,D,DFC,EMD,W
731,PK732,2018/1/21, 8:35,*****,D,738,2018/1/21, 9:25,GN0408,D,***,DTY,W
732,PK733,2018/1/21, 8:40,NV6577,D,320,2018/1/21, 9:50,NV6577,D,LIO,TIF,W
733,PK734,2018/1/21, 8:40,NV6697,D,73H,2018/1/21, 9:45,NV6612,D,XOA,XOA,W
734,PK735,2018/1/21, 8:45,NV6579,D,320,2018/1/21,10:00:00,NV6579,D,IGF,TZY,W
735,PK736,2018/1/21, 8:45,NV6645,D,320,2018/1/21,10:20:00,NV6644,D,UOB,UOB,W
736,PK737,2018/1/21, 8:55,NV3620,D,73E,2018/1/21,10:00:00,NV626,I,XVI,LJY,W
737,PK738,2018/1/21, 8:55,NV6623,D,320,2018/1/21,10:00:00,NV3280,D,UBP,ZOU,W
738,PK739,2018/1/21, 9:10,GN0631,D,738,2018/1/21,10:35:00,GN0202,D,XOA,EMD,W
739,PK740,2018/1/21, 9:15,NV628,D,73H,2018/1/21,10:35:00,NV628,I,XVI,GVL,W
740,PK741,2018/1/21, 9:20,GN0369,D,738,2018/1/21,11:10:00,GN0530,D,YNO,IOZ,W
741,PK742,2018/1/21, 9:20,NV698,D,773,2018/1/21,11:30:00,NV698,I,GPD,KGL,N
742,PK743,2018/1/21, 9:25,NV6773,D,325,2018/1/21,11:05:00,NV6773,D,EMD,GPD,W
743,PK744,2018/1/21, 9:30,GN0439,D,738,2018/1/21,11:05:00,GN0298,D,DHP,TIF,W
744,PK745,2018/1/21, 9:35,NV3513,D,73H,2018/1/21,10:45:00,NV3512,D,UZO,UZO,W
745,PK746,2018/1/21, 9:35,NV6655,D,320,2018/1/21,11:15:00,NV6622,D,ZOU,UBP,W
746,PK747,2018/1/21, 9:40,GN0571,D,73A,2018/1/21,11:00:00,GN0284,D,LXF,KOH,W
747,PK748,2018/1/21, 9:40,NV6533,D,320,2018/1/21,11:05:00,NV6536,D,DLH,DLH,W
748,PK749,2018/1/21, 9:45,NV6163,I,325,2018/1/21,11:00:00,NV6518,D,JDO,DUV,W
749,PK750,2018/1/21, 9:50,GN0413,D,738,2018/1/21,12:00:00,GN0236,D,DBO,SJA,W
750,PK751,2018/1/21, 9:50,NV6479,D,319,2018/1/21,11:05:00,NV6752,D,DTY,EMD,W
751,PK752,2018/1/21, 9:50,NV837,I,319,2018/1/21,12:50:00,NV3194,D,ILH,UTO,W
752,PK753,2018/1/21, 9:55,NV6313,D,325,2018/1/21,12:15:00,NV6144,I,IBL,JDO,W
