飞机转场记录号,到达日期,到达时刻,到达航班,到达类型,飞机型号,出发日期,出发时刻,出发航班,出发类型,上线机场,下线机场
PK001,2018/1/19,10:00:00,NV6294,D,321,2018/1/19,12:40:00,NV3118,I,QFL,NGN
PK002,2018/1/19,10:00:00,NV898,D,33E,2018/1/19,12:30:00,NV898,I,XOA,GDP
PK003,2018/1/19,10:05:00,GN0471,D,73A,2018/1/19,11:20:00,GN0460,D,AIB,AIB
PK004,2018/1/19,10:05:00,NV6513,D,320,2018/1/19,12:30:00,NV305,D,DUV,DUV
PK005,2018/1/19,10:10:00,GN0411,D,73H,2018/1/19,12:00:00,GN0236,D,TXB,SJA
PK006,2018/1/19,10:10:00,NV6443,D,325,2018/1/19,12:15:00,NV6144,I,TAY,JDO
PK007,2018/1/19,10:15:00,NV3120,D,73H,2018/1/19,11:15:00,NV3120,I,XVI,GTA
PK008,2018/1/19,10:15:00,NV632,D,325,2018/1/19,11:45:00,NV632,I,YJZ,OSU
PK009,2018/1/19,10:20:00,GN0495,D,73A,2018/1/19,11:30:00,GN0208,D,OOH,BPH
PK010,2018/1/19,10:20:00,NV323,I,325,2018/1/19,11:25:00,NV6390,D,NOM,AVI
PK011,2018/1/19,10:20:00,NV687,I,325,2018/1/19,11:25:00,NV618,I,IOE,ILH
PK012,2018/1/19,10:25:00,NV6731,D,325,2018/1/19,12:15:00,NV6118,I,ISC,UQF
PK013,2018/1/19,10:25:00,NV820,D,320,2018/1/19,11:35:00,NV820,I,MIX,OHP
PK014,2018/1/19,10:30:00,GN0457,D,738,2018/1/19,13:05:00,GN0656,D,DHP,XVU
PK015,2018/1/19,10:30:00,NV858,D,73H,2018/1/19,12:15:00,NV858,I,LNH,LJY
PK016,2018/1/19,10:35:00,NV6713,D,320,2018/1/19,12:25:00,NV6713,D,TIF,AIB
PK017,2018/1/19,10:40:00,GN0271,D,73H,2018/1/19,12:00:00,GN0492,D,DHR,LXM
PK018,2018/1/19,10:40:00,NV303,I,320,2018/1/19,12:30:00,NV303,D,OHP,YJZ
PK019,2018/1/19,10:45:00,NV643,I,320,2018/1/19,12:05:00,NV6770,D,GVL,EMD
PK020,2018/1/19,11:00:00,NV305,I,319,2018/1/19,12:15:00,NV6316,D,IJK,ITO
PK021,2018/1/19,11:00:00,NV6148,D,320,2018/1/19,12:20:00,NV6148,I,DUV,DKV
PK022,2018/1/19,11:00:00,NV639,I,319,2018/1/19,12:50:00,NV3194,D,PLK,UTO
PK023,2018/1/19,11:00:00,NV6785,D,320,2018/1/19,12:15:00,NV614,I,EMD,ILH
PK024,2018/1/19,11:20:00,NV6535,D,320,2018/1/19,13:05:00,NV6488,D,DLH,TZY
PK025,2018/1/19,11:25:00,NV841,I,325,2018/1/19,13:10:00,NV398,I,LJY,PLB
PK026,2018/1/19,11:55:00,NV835,I,325,2018/1/19,13:15:00,NV610,I,ILH,ILH
PK027,2018/1/19,12:20:00,NV6749,D,320,2018/1/19,13:25:00,NV6510,D,IEH,MZJ
PK028,2018/1/19,12:20:00,NV867,D,33E,2018/1/19,15:45:00,NV6116,I,LNH,UQF
PK029,2018/1/19,12:25:00,GN0253,D,73A,2018/1/19,13:35:00,GN0204,D,CQF,TIF
PK030,2018/1/19,12:25:00,NV3703,I,73H,2018/1/19,13:55:00,NV3703,D,OHP,XVI
PK031,2018/1/19,12:40:00,GN0491,D,738,2018/1/19,15:50:00,GN0326,D,LXM,AVI
PK032,2018/1/19,12:55:00,NV674,D,33L,2018/1/19,14:25:00,NV674,I,QFL,EFM
PK033,2018/1/19,13:00:00,GN0201,D,73H,2018/1/19,14:20:00,GN0250,D,KOA,YNO
PK034,2018/1/19,13:05:00,NV3287,D,73E,2018/1/19,16:30:00,NV6556,D,ARA,LXF
PK035,2018/1/19,13:05:00,NV6165,I,323,2018/1/19,14:10:00,NV6722,D,UBF,EMD
PK036,2018/1/19,13:10:00,GN0235,D,73H,2018/1/19,14:45:00,GN938,I,UWT,JDO
PK037,2018/1/19,13:15:00,NV3266,D,325,2018/1/19,14:15:00,NV3269,D,YJZ,YJZ
PK038,2018/1/19,13:20:00,NV6155,I,320,2018/1/19,14:25:00,NV6494,D,QVT,AZJ
PK039,2018/1/19,13:25:00,NV6735,D,73E,2018/1/19,14:30:00,NV6198,I,EMD,GVL
PK040,2018/1/19,13:40:00,GN913,I,73H,2018/1/19,19:30:00,GN942,I,UTB,ILU
PK041,2018/1/19,13:40:00,NV6719,D,320,2018/1/19,14:50:00,NV6718,D,IJB,TIF
PK042,2018/1/19,13:50:00,GN932,D,738,2018/1/19,14:55:00,GN932,I,DHP,LJY
PK043,2018/1/19,13:50:00,NV383,I,321,2018/1/19,15:30:00,NV383,D,OSU,QFL
PK044,2018/1/19,13:55:00,NV6153,I,325,2018/1/19,14:45:00,*****,D,JDO,***
PK045,2018/1/19,13:55:00,NV6727,D,320,2018/1/19,14:55:00,NV6762,D,ZLI,ZOK
PK046,2018/1/19,14:10:00,NV6575,D,320,2018/1/19,15:20:00,NV6574,D,IGF,IGF
PK047,2018/1/19,14:20:00,NV3654,D,73E,2018/1/19,15:25:00,NV6318,D,XVI,MAI
PK048,2018/1/19,14:25:00,NV6171,I,325,2018/1/19,16:15:00,NV6742,D,DKV,GPD
PK049,2018/1/19,14:25:00,NV631,I,319,2018/1/19,15:40:00,NV6378,D,OHT,ZCQ
PK050,2018/1/19,14:30:00,NV387,I,319,2018/1/19,16:30:00,NV6614,D,NZK,HZT
PK051,2018/1/19,14:35:00,NV6359,D,320,2018/1/19,15:35:00,NV6716,D,EBU,INJ
PK052,2018/1/19,14:40:00,GN0477,D,73H,2018/1/19,16:10:00,GN0638,D,ZJI,DBO
PK053,2018/1/19,14:40:00,GN0573,D,73A,2018/1/19,15:45:00,GN0246,D,XYO,CBW
PK054,2018/1/19,14:40:00,NV656,D,33E,2018/1/19,16:10:00,NV656,I,DHR,TJO
PK055,2018/1/19,14:45:00,NV6711,D,325,2018/1/19,17:10:00,NV686,I,GPD,IOE
PK056,2018/1/19,14:50:00,GN953,I,73H,2018/1/19,21:35:00,GN0560,D,CLL,LXF
PK057,2018/1/19,14:50:00,NV613,I,321,2018/1/19,16:15:00,NV616,I,ILH,ILH
PK058,2018/1/19,14:50:00,NV6553,D,319,2018/1/19,17:20:00,NV3273,D,EBY,YJZ
PK059,2018/1/19,14:50:00,NV681,I,773,2018/1/19,20:00:00,NV308,I,DEH,KGL
PK060,2018/1/19,14:55:00,GN0283,D,73E,2018/1/19,15:55:00,GN0362,D,ISC,IBL
PK061,2018/1/19,14:55:00,GN0479,D,73E,2018/1/19,16:05:00,GN0280,D,TIF,DHR
PK062,2018/1/19,14:55:00,GN0523,D,73E,2018/1/20,16:20:00,GN0256,D,NJH,ZDV
PK063,2018/1/19,14:55:00,NV337,I,323,2018/1/19,16:10:00,NV6374,D,LJY,ZOU
PK064,2018/1/19,15:00:00,NV899,I,33E,2018/1/19,20:20:00,NV672,I,GDP,TZE
PK065,2018/1/19,15:00:00,*****,D,325,2018/1/19,15:50:00,NV3465,D,***,MIX
PK066,2018/1/19,15:10:00,GN0423,D,323,2018/1/19,16:20:00,GN0642,D,DBO,IBL
PK067,2018/1/19,15:15:00,NV629,I,73H,2018/1/19,16:50:00,NV629,D,GVL,XVI
PK068,2018/1/19,15:20:00,GN0203,D,738,2018/1/19,16:10:00,*****,D,EMD,***
PK069,2018/1/19,15:20:00,NV382,D,321,2018/1/19,16:55:00,NV382,I,QFL,OSU
PK070,2018/1/19,15:25:00,NV6453,D,323,2018/1/19,16:45:00,NV0746,D,TAY,LXM
PK071,2018/1/19,15:30:00,NV657,I,33E,2018/1/19,19:45:00,NV848,I,TJO,NFM
PK072,2018/1/19,15:35:00,GN0497,D,73L,2018/1/20,17:05:00,GN0644,D,OOH,YNO
PK073,2018/1/19,15:35:00,NV641,I,320,2018/1/19,16:40:00,NV6736,D,OHP,EMD
PK074,2018/1/19,15:35:00,NV6537,D,320,2018/1/19,16:50:00,NV6768,D,DLH,IEH
PK075,2018/1/19,15:35:00,NV669,I,319,2018/1/19,17:40:00,NV304,I,LNR,IJK
PK076,2018/1/19,15:40:00,GN965,I,73H,2018/1/19,18:00:00,GN0454,D,CLL,EZH
PK077,2018/1/19,15:40:00,NV6173,I,323,2018/1/19,17:05:00,NV6462,D,JDO,TAY
PK078,2018/1/19,15:45:00,NV302,D,320,2018/1/19,17:15:00,NV302,I,YJZ,OHP
PK079,2018/1/19,15:55:00,NV627,I,73E,2018/1/19,19:15:00,NV3787,D,LJY,ZJI
PK080,2018/1/19,15:55:00,NV6657,D,325,2018/1/19,18:10:00,NV830,I,ZOU,LJY
PK081,2018/1/19,15:55:00,NV813,I,320,2018/1/19,17:35:00,NV6726,D,ILH,ZLI
PK082,2018/1/19,16:05:00,NV6715,D,320,2018/1/19,17:40:00,NV6710,D,TIF,IJB
PK083,2018/1/19,16:15:00,NV3260,D,320,2018/1/19,18:05:00,NV3277,D,YJZ,YJZ
PK084,2018/1/19,16:15:00,NV6149,I,320,2018/1/19,18:00:00,NV6149,D,DKV,DUV
PK085,2018/1/19,16:20:00,NV6377,D,319,2018/1/19,20:00:00,NV6486,D,CIZ,EZH
PK086,2018/1/19,16:20:00,NV683,I,33L,2018/1/19,17:20:00,NV682,I,IOM,IOM
PK087,2018/1/19,16:30:00,NV3197,I,325,2018/1/19,17:30:00,NV6162,I,PLB,JDO
PK088,2018/1/19,16:30:00,NV3702,D,73H,2018/1/19,18:00:00,NV3702,I,XVI,OHP
PK089,2018/1/19,16:30:00,NV663,I,33H,2018/1/20,13:30:00,NV692,I,MIS,ZWS
PK090,2018/1/19,16:35:00,NV304,D,325,2018/1/19,18:30:00,NV834,I,DUV,ILH
PK091,2018/1/19,16:35:00,NV635,I,773,2018/1/19,21:00:00,NV688,I,OSU,MBY
PK092,2018/1/19,16:50:00,GN0637,D,738,2018/1/19,17:55:00,GN0636,D,XOA,XOA
PK093,2018/1/19,16:55:00,NV391,I,33L,2018/1/19,20:40:00,NV658,I,DUT,CLL
PK094,2018/1/19,16:55:00,NV693,I,33H,2018/1/20,13:00:00,NV662,I,ZWS,MIS
PK095,2018/1/19,17:00:00,*****,D,738,2018/1/19,17:50:00,GN0332,D,***,MIX
PK096,2018/1/19,17:05:00,NV6781,D,320,2018/1/19,18:10:00,NV642,I,EMD,GVL
PK097,2018/1/19,17:10:00,NV6119,I,325,2018/1/19,20:55:00,NV6720,D,UQF,ISC
PK098,2018/1/19,17:20:00,GN0299,D,738,2018/1/19,18:20:00,GN976,I,TIF,LCW
PK099,2018/1/19,17:20:00,GN0333,D,738,2018/1/19,20:05:00,GN0452,D,MIX,EZH
PK100,2018/1/19,17:30:00,NV6145,I,325,2018/1/19,20:00:00,NV860,I,JDO,QOI
PK101,2018/1/19,17:30:00,NV619,I,325,2018/1/19,18:40:00,NV624,I,ILH,SFQ
PK102,2018/1/19,17:35:00,GN0209,D,73A,2018/1/20,13:50:00,GN0658,D,BPH,UHP
PK103,2018/1/19,17:40:00,NV6301,D,325,2018/1/21, 8:5,NV3263,D,AVI,YJZ
PK104,2018/1/19,17:50:00,NV697,I,773,2018/1/20, 0:20,NV840,I,MBY,NFM
PK105,2018/1/19,17:55:00,NV3786,D,73E,2018/1/19,19:30:00,NV3631,D,ZJI,XVI
PK106,2018/1/19,17:55:00,NV6489,D,773,2018/1/20, 0:55,NV880,I,TZY,BLM
PK107,2018/1/19,18:00:00,NV601,I,773,2018/1/20, 0:5,NV664,I,TGP,DEH
PK108,2018/1/19,18:05:00,NV821,I,33H,2018/1/20, 0:20,NV608,I,NBE,ZWS
PK109,2018/1/19,18:05:00,NV897,D,33H,2018/1/21,13:00:00,NV662,I,YJZ,MIS
PK110,2018/1/19,18:10:00,GN0461,D,73H,2018/1/19,19:30:00,GN972,I,LXM,LVM
PK111,2018/1/19,18:15:00,NV3131,I,73H,2018/1/19,19:45:00,NV3131,D,GTA,XVI
PK112,2018/1/19,18:20:00,NV6253,D,320,2018/1/20,10:10:00,NV316,I,MMW,DOY
PK113,2018/1/19,18:20:00,NV831,I,320,2018/1/19,19:35:00,NV831,D,OHP,MIX
PK114,2018/1/19,18:25:00,NV615,I,320,2018/1/19,19:50:00,NV6784,D,ILH,EMD
PK115,2018/1/19,18:30:00,NV3421,D,319,2018/1/19,19:35:00,NV3410,D,YOO,YOO
PK116,2018/1/19,18:30:00,NV6525,D,325,2018/1/19,21:25:00,NV6472,D,DUV,TAY
PK117,2018/1/19,18:35:00,NV6779,D,320,2018/1/20, 7:45,NV6738,D,EMD,EMD
PK118,2018/1/19,18:40:00,GN941,I,73H,2018/1/19,19:45:00,GN978,I,QVT,CLJ
PK119,2018/1/19,18:40:00,NV6703,D,319,2018/1/19,19:30:00,*****,D,IAI,***
PK120,2018/1/19,18:45:00,NV399,I,325,2018/1/19,21:00:00,NV6312,D,PLB,IBL
PK121,2018/1/19,18:50:00,GN0465,D,738,2018/1/19,21:20:00,GN0428,D,XFI,DBO
PK122,2018/1/19,18:50:00,GN951,I,73H,2018/1/19,20:00:00,GN968,I,CLL,ILU
PK123,2018/1/19,18:55:00,GN0287,D,738,2018/1/19,21:10:00,GN0287,D,DHR,LXM
PK124,2018/1/19,18:55:00,NV6663,D,320,2018/1/19,23:10:00,NV6156,I,MZJ,DSL
PK125,2018/1/19,18:55:00,NV859,I,73H,2018/1/19,21:00:00,NV859,D,LJY,LNH
PK126,2018/1/19,19:10:00,GN0641,D,738,2018/1/19,21:00:00,GN946,I,XOA,IOE
PK127,2018/1/19,19:15:00,NV3119,I,321,2018/1/19,21:15:00,NV6297,D,NGN,QFL
PK128,2018/1/19,19:15:00,NV6714,D,320,2018/1/19,21:25:00,NV6714,D,AIB,TIF
PK129,2018/1/19,19:20:00,NV319,I,773,2018/1/20, 0:5,NV846,I,ZZA,TZE
PK130,2018/1/19,19:30:00,NV6199,I,73E,2018/1/19,21:30:00,NV3655,D,GVL,XVI
PK131,2018/1/19,19:30:00,NV673,I,33E,2018/1/20, 0:10,NV320,I,TZE,GSB
PK132,2018/1/19,19:30:00,NV699,I,773,2018/1/19,21:40:00,NV699,D,KGL,GPD
PK133,2018/1/19,19:35:00,NV633,I,325,2018/1/19,21:05:00,NV633,D,OSU,YJZ
PK134,2018/1/19,19:40:00,NV3622,D,319,2018/1/19,21:10:00,NV836,I,XVI,ILH
PK135,2018/1/19,19:40:00,NV849,I,33E,2018/1/19,23:30:00,NV654,I,NFM,TJO
PK136,2018/1/19,19:50:00,NV6753,D,319,2018/1/20, 8:15,NV6358,D,EMD,EBU
PK137,2018/1/19,20:00:00,GN939,I,73H,2018/1/19,21:05:00,GN0260,D,JDO,DHR
PK138,2018/1/19,20:00:00,NV6324,D,73H,2018/1/19,21:00:00,NV6325,D,UZO,UZO
PK139,2018/1/19,20:00:00,NV6527,D,320,2018/1/19,21:30:00,NV6528,D,DUV,DUV
PK140,2018/1/19,20:00:00,NV827,I,33E,2018/1/19,21:55:00,NV826,I,COF,COF
PK141,2018/1/19,20:05:00,GN0205,D,73A,2018/1/19,21:00:00,GN0494,D,TIF,OOH
PK142,2018/1/19,20:10:00,GN0237,D,73H,2018/1/20,10:40:00,GN920,I,SJA,UTB
PK143,2018/1/19,20:10:00,GN0261,D,73H,2018/1/19,21:05:00,GN0300,D,YNO,TXB
PK144,2018/1/19,20:10:00,NV621,I,325,2018/1/20, 1:50,NV322,I,ILH,NOM
PK145,2018/1/19,20:10:00,NV6317,D,319,2018/1/20,13:55:00,NV6540,D,ITO,UTO
PK146,2018/1/19,20:15:00,NV6551,D,320,2018/1/19,21:05:00,NV6544,D,UTO,DLH
PK147,2018/1/19,20:15:00,NV6725,D,320,2018/1/20, 8:20,NV6724,D,ISC,ISC
PK148,2018/1/19,20:20:00,NV6549,D,319,2018/1/20, 9:30,NV306,I,OBP,LJK
PK149,2018/1/19,20:25:00,NV317,I,320,2018/1/20, 0:15,NV6134,I,DOY,DFC
PK150,2018/1/19,20:25:00,NV3278,D,325,2018/1/20, 6:40,NV3446,D,YJZ,YJZ
PK151,2018/1/19,20:30:00,NV6117,I,33E,2018/1/20,10:05:00,NV866,D,UQF,LNH
PK152,2018/1/19,20:30:00,NV6578,D,320,2018/1/19,21:35:00,NV6578,D,TZY,IGF
PK153,2018/1/19,20:30:00,NV6772,D,325,2018/1/19,22:05:00,NV6772,D,GPD,EMD
PK154,2018/1/19,20:40:00,*****,D,319,2018/1/19,21:30:00,NV6478,D,***,DTY
PK155,2018/1/19,20:45:00,NV6375,D,323,2018/1/20, 9:0,NV6230,D,ZOU,QFL
PK156,2018/1/19,21:00:00,NV6495,D,320,2018/1/20, 8:0,NV6154,I,AZJ,QVT
PK157,2018/1/19,21:00:00,NV6633,D,320,2018/1/19,22:10:00,NV6632,D,UBP,UBP
PK158,2018/1/19,21:00:00,NV6811,D,320,2018/1/19,22:20:00,NV6811,D,VSD,OHC
PK159,2018/1/19,21:05:00,NV651,I,33E,2018/1/20,12:30:00,NV898,I,IOE,GDP
PK160,2018/1/19,21:05:00,NV6642,D,320,2018/1/19,22:20:00,NV6642,D,TIF,LIO
PK161,2018/1/19,21:10:00,NV6643,D,320,2018/1/19,22:00:00,NV392,I,LIO,THO
PK162,2018/1/19,21:15:00,GN0409,D,738,2018/1/19,22:40:00,GN0368,D,DTY,YNO
PK163,2018/1/19,21:15:00,GN933,I,738,2018/1/19,22:45:00,GN933,D,LJY,DHP
PK164,2018/1/19,21:20:00,GN0629,D,738,2018/1/19,22:20:00,GN0620,D,XOA,XOA
PK165,2018/1/19,21:20:00,NV6699,D,320,2018/1/20, 8:55,NV336,I,GPD,LJY
PK166,2018/1/19,21:30:00,GN997,I,73H,2018/1/19,22:30:00,GN952,I,LVM,CLL
PK167,2018/1/19,21:30:00,NV679,I,33E,2018/1/19,22:20:00,*****,D,TJO,***
PK168,2018/1/19,21:40:00,NV6241,D,325,2018/1/20, 9:25,NV6376,D,QFL,CIZ
PK169,2018/1/19,21:45:00,NV6737,D,320,2018/1/19,22:50:00,NV3993,D,EMD,OLH
PK170,2018/1/19,21:50:00,NV3270,D,321,2018/1/20, 8:5,NV3263,D,YJZ,YJZ
PK171,2018/1/19,21:50:00,NV6319,D,73E,2018/1/20, 8:30,NV6734,D,MAI,EMD
PK172,2018/1/19,22:00:00,GN0257,D,73H,2018/1/19,22:50:00,*****,D,ZDV,***
PK173,2018/1/19,22:00:00,GN0541,D,738,2018/1/20, 6:40,GN0480,D,IOZ,LXM
PK174,2018/1/19,22:00:00,NV6405,D,320,2018/1/20, 9:55,NV3280,D,DHP,ZOU
PK175,2018/1/19,22:05:00,GN0489,D,73E,2018/1/20, 7:30,GN0282,D,LXM,ISC
PK176,2018/1/19,22:05:00,NV3553,D,320,2018/1/19,23:15:00,NV6652,D,UOB,UOB
PK177,2018/1/19,22:05:00,NV6769,D,320,2018/1/20, 8:35,NV612,I,IEH,ILH
PK178,2018/1/19,22:10:00,GN945,I,73H,2018/1/20, 9:40,GN0476,D,CLL,ZJI
PK179,2018/1/19,22:15:00,NV6763,D,320,2018/1/20, 6:40,NV6748,D,ZOK,IEH
PK180,2018/1/19,22:25:00,GN0247,D,73A,2018/1/20, 6:55,GN0252,D,CBW,CQF
PK181,2018/1/19,22:25:00,GN0645,D,325,2018/1/20, 8:55,GN0478,D,YNO,TIF
PK182,2018/1/19,22:30:00,GN0291,D,73E,2018/1/20, 8:0,GN0522,D,DHR,NJH
PK183,2018/1/19,22:30:00,GN0639,D,73H,2018/1/20, 9:10,GN912,I,DBO,UTB
PK184,2018/1/19,22:45:00,NV0747,D,323,2018/1/20, 9:5,NV6446,D,LXM,TAY
PK185,2018/1/19,22:50:00,NV617,I,321,2018/1/20, 8:55,NV6616,D,ILH,GPD
PK186,2018/1/19,22:50:00,NV6379,D,319,2018/1/20, 9:50,NV872,I,ZCQ,LPK
PK187,2018/1/19,22:55:00,NV6615,D,319,2018/1/20, 8:25,NV6548,D,HZT,OBP
PK188,2018/1/19,23:00:00,NV6557,D,73E,2018/1/20, 6:55,NV3286,D,LXF,ARA
PK189,2018/1/19,23:10:00,GN0285,D,73A,2018/1/20, 9:25,GN936,I,KOH,UPZ
PK190,2018/1/19,23:10:00,NV3464,D,325,2018/1/20,10:15:00,NV6160,I,MIX,DKV
PK191,2018/1/19,23:15:00,GN0363,D,73E,2018/1/20, 9:0,GN0414,D,IBL,DBO
PK192,2018/1/19,23:20:00,GN0455,D,73H,2018/1/20, 7:35,GN0234,D,EZH,UWT
PK193,2018/1/19,23:20:00,NV3447,D,319,2018/1/20, 9:20,NV6504,D,YJZ,DLH
PK194,2018/1/19,23:25:00,NV6471,D,323,2018/1/20,11:10:00,NV6656,D,TAY,ZOU
PK195,2018/1/19,23:30:00,NV3195,D,319,2018/1/20, 9:5,NV6514,D,UTO,DUV
PK196,2018/1/19,23:40:00,GN0643,D,323,2018/1/20,14:10:00,NV6722,D,IBL,EMD
PK197,2018/1/19,23:55:00,GN0405,D,73E,2018/1/20, 9:25,GN0548,D,ETO,CBW
PK198,2018/1/19, 0:15,GN0679,D,738,2018/1/19, 1:5,*****,D,DHP,***
PK199,2018/1/19, 0:15,NV6723,D,325,2018/1/19, 1:5,*****,D,EMD,***
PK200,2018/1/19, 0:20,GN967,I,738,2018/1/19, 9:25,GN0630,D,CLL,XOA
PK201,2018/1/19, 0:25,NV6201,D,319,2018/1/19, 7:30,NV3615,D,MMG,XVI
PK202,2018/1/19, 1:30,NV6487,D,319,2018/1/19, 8:20,NV6552,D,EZH,EBY
PK203,2018/1/19, 1:35,GN0453,D,738,2018/1/19,10:25:00,GN0628,D,EZH,XOA
PK204,2018/1/19, 1:45,GN0659,D,73A,2018/1/19, 9:5,GN0572,D,UHP,XYO
PK205,2018/1/19, 4:10,NV677,I,332,2018/1/19,17:10:00,NV6170,I,TJO,DHL
PK206,2018/1/19, 4:25,NV625,I,325,2018/1/19, 9:15,NV6152,I,SFQ,JDO
PK207,2018/1/19, 4:55,NV675,I,33L,2018/1/19, 6:55,NV675,D,EFM,QFL
PK208,2018/1/19, 5:0,NV847,I,773,2018/1/20,14:20:00,NV690,I,TZE,TGP
PK209,2018/1/19, 5:10,NV609,I,33H,2018/1/19,13:30:00,NV692,I,ZWS,ZWS
PK210,2018/1/19, 5:15,NV309,I,773,2018/1/19, 9:10,NV634,I,KGL,OSU
PK211,2018/1/19, 5:20,NV871,I,325,2018/1/19,10:20:00,NV3196,I,QOI,PLB
PK212,2018/1/19, 5:40,NV655,I,33E,2018/1/19, 7:40,NV655,D,TJO,DHR
PK213,2018/1/19, 5:45,NV891,I,773,2018/1/19,13:20:00,NV694,I,BLM,MBY
PK214,2018/1/19, 5:55,GN979,I,73H,2018/1/19,12:00:00,GN944,I,CLJ,CLL
PK215,2018/1/19, 5:55,NV851,I,773,2018/1/19,11:40:00,NV828,I,NFM,PSE
PK216,2018/1/19, 6:0,GN977,I,738,2018/1/19,10:15:00,GN0464,D,LCW,XFI
PK217,2018/1/19, 6:25,NV689,I,773,2018/1/19,12:05:00,NV318,I,MBY,ZZA
PK218,2018/1/19, 6:30,GN943,I,73H,2018/1/19, 9:20,GN996,I,ILU,LVM
PK219,2018/1/19, 7:0,NV6157,I,320,2018/1/19, 8:15,NV6358,D,DSL,EBU
PK220,2018/1/19, 7:0,NV665,I,773,2018/1/19,10:00:00,NV6579,D,DEH,TZY
PK221,2018/1/19, 7:15,GN969,I,73H,2018/1/19, 9:10,GN912,I,ILU,UTB
PK222,2018/1/19, 7:20,GN973,I,73H,2018/1/19, 8:35,GN940,I,LVM,CLL
PK223,2018/1/19, 7:20,NV659,I,33L,2018/1/19,14:35:00,NV676,I,CLL,TJO
PK224,2018/1/19, 7:40,NV331,I,33E,2018/1/19,13:00:00,NV640,I,GSB,IOE
PK225,2018/1/19, 7:5,NV393,I,320,2018/1/19, 9:30,NV6576,D,THO,LIO
PK226,2018/1/19, 8:15,NV6700,D,320,2018/1/19, 9:15,NV6700,D,OHC,VSD
PK227,2018/1/19, 8:25,NV3992,D,320,2018/1/19, 9:30,NV630,I,OLH,OHP
PK228,2018/1/19, 8:35,NV6135,I,320,2018/1/19,10:10:00,NV316,I,DFC,DOY
PK229,2018/1/19, 8:35,*****,D,738,2018/1/19, 9:25,GN0408,D,***,DTY
PK230,2018/1/19, 8:40,NV6577,D,320,2018/1/19, 9:50,NV6577,D,LIO,TIF
PK231,2018/1/19, 8:40,NV6697,D,73H,2018/1/19, 9:45,NV6612,D,XOA,XOA
PK232,2018/1/19, 8:45,NV6579,D,320,2018/1/19,13:55:00,NV6540,D,IGF,UTO
PK233,2018/1/19, 8:45,NV6645,D,320,2018/1/19,10:20:00,NV3552,D,UOB,UOB
PK234,2018/1/19, 8:55,GN0369,D,738,2018/1/19,10:35:00,GN0202,D,YNO,EMD
PK235,2018/1/19, 8:55,NV3620,D,73E,2018/1/19,10:00:00,NV626,I,XVI,LJY
PK236,2018/1/19, 8:55,NV6623,D,320,2018/1/19, 9:55,NV3280,D,UBP,ZOU
PK237,2018/1/19, 9:15,NV628,D,73H,2018/1/19,10:35:00,NV628,I,XVI,GVL
PK238,2018/1/19, 9:15,NV6313,D,325,2018/1/19,10:15:00,NV6160,I,IBL,DKV
PK239,2018/1/19, 9:20,NV698,D,773,2018/1/19,11:30:00,NV698,I,GPD,KGL
PK240,2018/1/19, 9:25,NV6773,D,325,2018/1/19,10:40:00,NV6773,D,EMD,GPD
PK241,2018/1/19, 9:30,GN0439,D,738,2018/1/19,21:45:00,GN0170,D,DHP,UTO
PK242,2018/1/19, 9:35,NV3513,D,73H,2018/1/19,10:45:00,NV3512,D,UZO,UZO
PK243,2018/1/19, 9:35,NV602,D,33L,2018/1/19,11:25:00,NV602,I,TZY,TWP
PK244,2018/1/19, 9:35,NV6655,D,320,2018/1/19,11:15:00,NV6622,D,ZOU,UBP
PK245,2018/1/19, 9:40,GN0571,D,73A,2018/1/19,11:00:00,GN0284,D,LXF,KOH
PK246,2018/1/19, 9:40,NV6533,D,320,2018/1/19,11:05:00,NV6536,D,DLH,DLH
PK247,2018/1/19, 9:45,GN0493,D,738,2018/1/19,11:00:00,GN0493,D,LXM,DHR
PK248,2018/1/19, 9:45,NV6163,I,325,2018/1/19,11:10:00,NV6656,D,JDO,ZOU
PK249,2018/1/19, 9:50,GN0181,D,738,2018/1/19,11:05:00,GN0298,D,UTO,TIF
PK250,2018/1/19, 9:50,GN0413,D,738,2018/1/19,14:15:00,GN966,I,DBO,CLL
PK251,2018/1/19, 9:50,NV6479,D,319,2018/1/19,11:05:00,NV6752,D,DTY,EMD
PK252,2018/1/19, 9:50,NV837,I,325,2018/1/19,11:00:00,NV6518,D,ILH,DUV
PK253,2018/1/20,10:00:00,NV6294,D,321,2018/1/20,12:40:00,NV3118,I,QFL,NGN
PK254,2018/1/20,10:05:00,NV6513,D,320,2018/1/20,12:30:00,NV305,D,DUV,DUV
PK255,2018/1/20,10:10:00,GN0411,D,73H,2018/1/20,12:00:00,GN944,I,TXB,CLL
PK256,2018/1/20,10:10:00,NV6443,D,325,2018/1/20,13:05:00,NV6488,D,TAY,TZY
PK257,2018/1/20,10:15:00,NV3120,D,73H,2018/1/20,11:15:00,NV3120,I,XVI,GTA
PK258,2018/1/20,10:15:00,NV632,D,325,2018/1/20,11:45:00,NV632,I,YJZ,OSU
PK259,2018/1/20,10:20:00,GN0495,D,73A,2018/1/20,11:20:00,GN0460,D,OOH,AIB
PK260,2018/1/20,10:20:00,NV323,I,325,2018/1/20,12:15:00,NV614,I,NOM,ILH
PK261,2018/1/20,10:20:00,NV687,I,325,2018/1/20,12:15:00,NV6144,I,IOE,JDO
PK262,2018/1/20,10:25:00,NV6731,D,325,2018/1/20,11:25:00,NV618,I,ISC,ILH
PK263,2018/1/20,10:25:00,NV820,D,320,2018/1/20,11:35:00,NV820,I,MIX,OHP
PK264,2018/1/20,10:30:00,GN0457,D,738,2018/1/20,13:05:00,GN0446,D,DHP,MGR
PK265,2018/1/20,10:30:00,NV858,D,73H,2018/1/20,12:15:00,NV858,I,LNH,LJY
PK266,2018/1/20,10:35:00,NV6713,D,320,2018/1/20,12:25:00,NV6713,D,TIF,AIB
PK267,2018/1/20,10:40:00,GN0271,D,73H,2018/1/20,12:00:00,GN0236,D,DHR,SJA
PK268,2018/1/20,10:40:00,NV303,I,320,2018/1/20,12:30:00,NV303,D,OHP,YJZ
PK269,2018/1/20,10:45:00,NV643,I,320,2018/1/20,12:05:00,NV6732,D,GVL,EMD
PK270,2018/1/20,11:00:00,NV305,I,319,2018/1/20,12:15:00,NV6316,D,IJK,ITO
PK271,2018/1/20,11:00:00,NV6785,D,320,2018/1/20,13:10:00,NV398,I,EMD,PLB
PK272,2018/1/20,11:05:00,NV6307,D,320,2018/1/20,18:05:00,NV6308,D,DUV,DUV
PK273,2018/1/20,11:20:00,NV6535,D,320,2018/1/20,12:10:00,*****,D,DLH,***
PK274,2018/1/20,11:25:00,NV841,I,325,2018/1/20,13:15:00,NV610,I,LJY,ILH
PK275,2018/1/20,12:00:00,NV835,I,325,2018/1/20,18:10:00,NV830,I,ILH,LJY
PK276,2018/1/20,12:20:00,NV6749,D,320,2018/1/20,13:25:00,NV6510,D,IEH,MZJ
PK277,2018/1/20,12:25:00,GN0253,D,73A,2018/1/20,13:35:00,GN0204,D,CQF,TIF
PK278,2018/1/20,12:25:00,NV3703,I,73H,2018/1/20,13:55:00,NV3703,D,OHP,XVI
PK279,2018/1/20,12:40:00,GN0491,D,738,2018/1/20,15:50:00,GN0326,D,LXM,AVI
PK280,2018/1/20,12:55:00,NV674,D,33L,2018/1/20,14:25:00,NV674,I,QFL,EFM
PK281,2018/1/20,13:00:00,GN0201,D,73H,2018/1/20,14:05:00,GN930,I,KOA,QVT
PK282,2018/1/20,13:05:00,NV3287,D,73E,2018/1/20,16:30:00,NV6556,D,ARA,LXF
PK283,2018/1/20,13:10:00,GN0235,D,73H,2018/1/20,14:20:00,GN0250,D,UWT,YNO
PK284,2018/1/20,13:15:00,NV3266,D,325,2018/1/20,14:15:00,NV3269,D,YJZ,YJZ
PK285,2018/1/20,13:20:00,NV6155,I,320,2018/1/20,14:25:00,NV6494,D,QVT,AZJ
PK286,2018/1/20,13:25:00,NV6735,D,73E,2018/1/20,14:30:00,NV6198,I,EMD,GVL
PK287,2018/1/20,13:40:00,GN913,I,73H,2018/1/20,14:45:00,GN938,I,UTB,JDO
PK288,2018/1/20,13:40:00,NV6719,D,320,2018/1/20,14:50:00,NV6718,D,IJB,TIF
PK289,2018/1/20,13:50:00,GN932,D,738,2018/1/20,14:55:00,GN932,I,DHP,LJY
PK290,2018/1/20,13:50:00,NV383,I,321,2018/1/20,15:30:00,NV383,D,OSU,QFL
PK291,2018/1/20,13:55:00,NV6727,D,320,2018/1/20,17:25:00,NV6768,D,ZLI,IEH
PK292,2018/1/20,14:00:00,NV6153,I,325,2018/1/20,15:45:00,NV6116,I,JDO,UQF
PK293,2018/1/20,14:10:00,NV6575,D,320,2018/1/20,15:20:00,NV6574,D,IGF,IGF
PK294,2018/1/20,14:20:00,NV3654,D,73E,2018/1/20,15:25:00,NV6318,D,XVI,MAI
PK295,2018/1/20,14:25:00,NV6171,I,325,2018/1/20,16:15:00,NV6742,D,DKV,GPD
PK296,2018/1/20,14:25:00,NV873,I,319,2018/1/20,15:40:00,NV6378,D,LPK,ZCQ
PK297,2018/1/20,14:30:00,NV6709,D,323,2018/1/20,17:20:00,NV3273,D,DHR,YJZ
PK298,2018/1/20,14:35:00,NV6359,D,319,2018/1/20,16:30:00,NV6614,D,EBU,HZT
PK299,2018/1/20,14:40:00,GN0477,D,73H,2018/1/20,16:10:00,GN0638,D,ZJI,DBO
PK300,2018/1/20,14:45:00,NV6685,D,320,2018/1/20,15:55:00,NV6685,D,LPX,UBP
PK301,2018/1/20,14:45:00,NV6711,D,325,2018/1/20,17:10:00,NV686,I,GPD,IOE
PK302,2018/1/20,14:50:00,GN953,I,73H,2018/1/20,19:30:00,GN942,I,CLL,ILU
PK303,2018/1/20,14:50:00,NV613,I,320,2018/1/20,16:15:00,NV616,I,ILH,ILH
PK304,2018/1/20,14:50:00,NV681,I,33H,2018/1/20,16:10:00,NV656,I,DEH,TJO
PK305,2018/1/20,14:55:00,GN0283,D,73E,2018/1/20,15:55:00,GN0362,D,ISC,IBL
PK306,2018/1/20,14:55:00,GN0479,D,325,2018/1/20,16:05:00,GN0280,D,TIF,DHR
PK307,2018/1/20,14:55:00,GN0523,D,73E,2018/1/20,16:35:00,GN0348,D,NJH,TZY
PK308,2018/1/20,15:00:00,NV899,I,33E,2018/1/20,20:20:00,NV672,I,GDP,TZE
PK309,2018/1/20,15:00:00,*****,D,320,2018/1/20,15:50:00,NV3465,D,***,MIX
PK310,2018/1/20,15:10:00,GN0423,D,73E,2018/1/20,16:20:00,GN0642,D,DBO,IBL
PK311,2018/1/20,15:15:00,NV629,I,73H,2018/1/20,16:50:00,NV629,D,GVL,XVI
PK312,2018/1/20,15:20:00,GN0203,D,738,2018/1/20,16:10:00,*****,D,EMD,***
PK313,2018/1/20,15:20:00,NV382,D,321,2018/1/20,16:55:00,NV382,I,QFL,OSU
PK314,2018/1/20,15:25:00,GN931,I,73H,2018/1/20,17:00:00,GN980,I,UTB,LCW
PK315,2018/1/20,15:25:00,NV6453,D,323,2018/1/20,16:45:00,NV0746,D,TAY,LXM
PK316,2018/1/20,15:30:00,NV657,I,33E,2018/1/20,19:45:00,NV848,I,TJO,NFM
PK317,2018/1/20,15:35:00,NV641,I,320,2018/1/20,16:40:00,NV6736,D,OHP,EMD
PK318,2018/1/20,15:40:00,GN965,I,73H,2018/1/20,18:30:00,GN964,I,CLL,CLL
PK319,2018/1/20,15:45:00,NV302,D,320,2018/1/20,17:15:00,NV302,I,YJZ,OHP
PK320,2018/1/20,15:55:00,GN0549,D,73E,2018/1/20,17:30:00,GN0404,D,CBW,ETO
PK321,2018/1/20,15:55:00,GN937,I,73A,2018/1/20,17:00:00,GN0246,D,UPZ,CBW
PK322,2018/1/20,15:55:00,NV627,I,73E,2018/1/20,19:15:00,NV3787,D,LJY,ZJI
PK323,2018/1/20,15:55:00,NV6657,D,323,2018/1/20,17:05:00,NV6462,D,ZOU,TAY
PK324,2018/1/20,15:55:00,NV813,I,325,2018/1/20,17:30:00,NV6162,I,ILH,JDO
PK325,2018/1/20,16:05:00,NV6715,D,320,2018/1/20,17:40:00,NV6710,D,TIF,IJB
PK326,2018/1/20,16:15:00,NV3260,D,320,2018/1/20,18:05:00,NV3277,D,YJZ,YJZ
PK327,2018/1/20,16:20:00,NV6377,D,325,2018/1/20,18:30:00,NV834,I,CIZ,ILH
PK328,2018/1/20,16:20:00,NV683,I,33L,2018/1/21, 7:55,NV380,I,IOM,DUT
PK329,2018/1/20,16:30:00,NV3197,I,320,2018/1/20,17:35:00,NV6726,D,PLB,ZLI
PK330,2018/1/20,16:30:00,NV3702,D,73H,2018/1/20,18:00:00,NV3702,I,XVI,OHP
PK331,2018/1/20,16:30:00,NV663,I,33H,2018/1/20,20:05:00,NV6588,D,MIS,LNH
PK332,2018/1/20,16:35:00,NV304,D,319,2018/1/20,17:40:00,NV304,I,DUV,IJK
PK333,2018/1/20,16:35:00,NV635,I,773,2018/1/20,20:00:00,NV308,I,OSU,KGL
PK334,2018/1/20,16:40:00,NV307,I,319,2018/1/20,17:35:00,NV638,I,LJK,PLK
PK335,2018/1/20,16:50:00,GN0637,D,738,2018/1/20,17:55:00,GN0636,D,XOA,XOA
PK336,2018/1/20,16:55:00,NV391,I,33L,2018/1/21,13:40:00,NV342,I,DUT,DNC
PK337,2018/1/20,16:55:00,NV6717,D,320,2018/1/20,18:10:00,NV642,I,INJ,GVL
PK338,2018/1/20,16:55:00,NV693,I,33H,2018/1/21, 0:15,NV882,I,ZWS,BNT
PK339,2018/1/20,17:00:00,*****,D,738,2018/1/20,17:50:00,GN0332,D,***,MIX
PK340,2018/1/20,17:10:00,NV6119,I,33E,2018/1/21,12:30:00,NV898,I,UQF,GDP
PK341,2018/1/20,17:20:00,GN0299,D,738,2018/1/20,18:20:00,GN976,I,TIF,LCW
PK342,2018/1/20,17:20:00,GN0333,D,738,2018/1/21,15:50:00,GN0326,D,MIX,AVI
PK343,2018/1/20,17:30:00,NV6145,I,325,2018/1/21, 9:15,NV6152,I,JDO,JDO
PK344,2018/1/20,17:30:00,NV619,I,325,2018/1/20,18:40:00,NV624,I,ILH,SFQ
PK345,2018/1/20,17:35:00,GN0209,D,73A,2018/1/20,21:00:00,GN0494,D,BPH,OOH
PK346,2018/1/20,17:40:00,NV6301,D,325,2018/1/20,20:55:00,NV6720,D,AVI,ISC
PK347,2018/1/20,17:50:00,NV697,I,773,2018/1/20,21:00:00,NV688,I,MBY,MBY
PK348,2018/1/20,18:00:00,NV3786,D,73E,2018/1/20,19:30:00,NV3631,D,ZJI,XVI
PK349,2018/1/20,18:00:00,NV601,I,773,2018/1/21, 0:20,NV840,I,TGP,NFM
PK350,2018/1/20,18:10:00,GN0461,D,73H,2018/1/20,19:30:00,GN972,I,LXM,LVM
PK351,2018/1/20,18:15:00,NV3131,I,73H,2018/1/20,19:45:00,NV3131,D,GTA,XVI
PK352,2018/1/20,18:20:00,NV6489,D,33L,2018/1/20,20:40:00,NV658,I,TZY,CLL
PK353,2018/1/20,18:20:00,NV831,I,320,2018/1/20,19:35:00,NV831,D,OHP,MIX
PK354,2018/1/20,18:25:00,NV615,I,325,2018/1/20,21:00:00,NV6312,D,ILH,IBL
PK355,2018/1/20,18:30:00,NV3421,D,319,2018/1/20,19:35:00,NV3410,D,YOO,YOO
PK356,2018/1/20,18:30:00,NV6525,D,325,2018/1/20,21:25:00,NV6472,D,DUV,TAY
PK357,2018/1/20,18:35:00,NV6739,D,320,2018/1/21, 7:45,NV6738,D,EMD,EMD
PK358,2018/1/20,18:40:00,GN941,I,73H,2018/1/20,19:45:00,GN978,I,QVT,CLJ
PK359,2018/1/20,18:45:00,NV399,I,320,2018/1/20,19:50:00,NV6784,D,PLB,EMD
PK360,2018/1/20,18:50:00,GN0465,D,738,2018/1/20,20:05:00,GN0452,D,XFI,EZH
PK361,2018/1/20,18:50:00,GN951,I,73H,2018/1/20,20:00:00,GN968,I,CLL,ILU
PK362,2018/1/20,18:50:00,NV3622,D,319,2018/1/20,20:00:00,NV6486,D,XVI,EZH
PK363,2018/1/20,18:50:00,NV829,I,773,2018/1/21, 0:5,NV664,I,PSE,DEH
PK364,2018/1/20,18:55:00,GN0287,D,738,2018/1/20,21:10:00,GN0287,D,DHR,LXM
PK365,2018/1/20,18:55:00,NV6663,D,320,2018/1/20,20:00:00,NV860,I,MZJ,QOI
PK366,2018/1/20,18:55:00,NV859,I,73H,2018/1/20,21:00:00,NV859,D,LJY,LNH
PK367,2018/1/20,19:10:00,GN0641,D,738,2018/1/20,21:20:00,GN0428,D,XOA,DBO
PK368,2018/1/20,19:15:00,NV3119,I,321,2018/1/20,21:15:00,NV6297,D,NGN,QFL
PK369,2018/1/20,19:15:00,NV6714,D,320,2018/1/20,21:25:00,NV6714,D,AIB,TIF
PK370,2018/1/20,19:20:00,NV319,I,773,2018/1/21, 0:5,NV846,I,ZZA,TZE
PK371,2018/1/20,19:20:00,NV337,I,320,2018/1/20,23:10:00,NV6156,I,LJY,DSL
PK372,2018/1/20,19:30:00,NV6199,I,73E,2018/1/20,21:30:00,NV3655,D,GVL,XVI
PK373,2018/1/20,19:30:00,NV673,I,33E,2018/1/21, 0:10,NV320,I,TZE,GSB
PK374,2018/1/20,19:30:00,NV699,I,773,2018/1/20,21:40:00,NV699,D,KGL,GPD
PK375,2018/1/20,19:35:00,NV633,I,325,2018/1/20,21:05:00,NV633,D,OSU,YJZ
PK376,2018/1/20,19:40:00,NV6763,D,320,2018/1/20,21:05:00,NV6544,D,ZOK,DLH
PK377,2018/1/20,19:40:00,NV849,I,33E,2018/1/20,23:30:00,NV654,I,NFM,TJO
PK378,2018/1/20,19:50:00,NV6753,D,319,2018/1/20,21:10:00,NV836,I,EMD,ILH
PK379,2018/1/20,20:00:00,GN939,I,73H,2018/1/20,21:05:00,GN0300,D,JDO,TXB
PK380,2018/1/20,20:00:00,NV6324,D,73E,2018/1/20,21:00:00,NV6325,D,UZO,UZO
PK381,2018/1/20,20:00:00,NV6527,D,320,2018/1/20,21:30:00,NV6528,D,DUV,DUV
PK382,2018/1/20,20:00:00,NV827,I,33E,2018/1/20,21:55:00,NV826,I,COF,COF
PK383,2018/1/20,20:05:00,GN0205,D,73A,2018/1/20,21:35:00,GN0560,D,TIF,LXF
PK384,2018/1/20,20:10:00,GN0237,D,73H,2018/1/21, 9:10,GN912,I,SJA,UTB
PK385,2018/1/20,20:10:00,GN0261,D,73H,2018/1/20,21:05:00,GN0260,D,YNO,DHR
PK386,2018/1/20,20:10:00,NV621,I,325,2018/1/21, 1:50,NV322,I,ILH,NOM
PK387,2018/1/20,20:10:00,NV6317,D,319,2018/1/21, 8:15,NV6358,D,ITO,EBU
PK388,2018/1/20,20:15:00,NV6551,D,319,2018/1/20,21:05:00,*****,D,UTO,***
PK389,2018/1/20,20:15:00,NV6725,D,320,2018/1/21, 8:20,NV6724,D,ISC,ISC
PK390,2018/1/20,20:20:00,NV6549,D,319,2018/1/21, 8:25,NV6548,D,OBP,OBP
PK391,2018/1/20,20:25:00,NV317,I,320,2018/1/21, 0:15,NV6134,I,DOY,DFC
PK392,2018/1/20,20:25:00,NV3278,D,325,2018/1/21, 6:40,NV3446,D,YJZ,YJZ
PK393,2018/1/20,20:30:00,NV6117,I,325,2018/1/21, 9:0,NV6230,D,UQF,QFL
PK394,2018/1/20,20:30:00,NV6578,D,325,2018/1/21, 9:0,NV6532,D,TZY,DLH
PK395,2018/1/20,20:30:00,NV6772,D,325,2018/1/20,22:05:00,NV6772,D,GPD,EMD
PK396,2018/1/20,20:40:00,*****,D,319,2018/1/20,21:30:00,NV6478,D,***,DTY
PK397,2018/1/20,21:00:00,NV6495,D,320,2018/1/21, 8:0,NV6154,I,AZJ,QVT
PK398,2018/1/20,21:00:00,NV6633,D,320,2018/1/20,22:10:00,NV6632,D,UBP,UBP
PK399,2018/1/20,21:00:00,NV6811,D,320,2018/1/20,22:20:00,NV6811,D,VSD,OHC
PK400,2018/1/20,21:05:00,NV651,I,33H,2018/1/21,12:25:00,NV670,I,IOE,DEH
PK401,2018/1/20,21:05:00,NV6642,D,320,2018/1/20,22:20:00,NV6642,D,TIF,LIO
PK402,2018/1/20,21:10:00,NV6643,D,320,2018/1/20,22:00:00,NV392,I,LIO,THO
PK403,2018/1/20,21:15:00,GN0409,D,738,2018/1/20,22:40:00,GN0368,D,DTY,YNO
PK404,2018/1/20,21:15:00,GN933,I,738,2018/1/21, 6:40,GN0480,D,LJY,LXM
PK405,2018/1/20,21:15:00,NV6505,D,319,2018/1/21, 9:30,NV668,I,DLH,LNR
PK406,2018/1/20,21:20:00,GN0629,D,738,2018/1/20,22:20:00,GN0620,D,XOA,XOA
PK407,2018/1/20,21:20:00,NV6653,D,320,2018/1/20,22:30:00,NV6652,D,UOB,UOB
PK408,2018/1/20,21:20:00,NV6699,D,321,2018/1/21, 8:55,NV6616,D,GPD,GPD
PK409,2018/1/20,21:30:00,GN997,I,73H,2018/1/20,22:30:00,GN952,I,LVM,CLL
PK410,2018/1/20,21:30:00,NV6733,D,320,2018/1/21, 6:40,NV6748,D,EMD,IEH
PK411,2018/1/20,21:30:00,NV679,I,33E,2018/1/21, 9:20,NV678,I,TJO,TJO
PK412,2018/1/20,21:40:00,NV6241,D,323,2018/1/21, 9:5,NV6446,D,QFL,TAY
PK413,2018/1/20,21:45:00,GN0455,D,738,2018/1/20,22:45:00,GN933,D,EZH,DHP
PK414,2018/1/20,21:45:00,NV6737,D,320,2018/1/20,22:50:00,NV3993,D,EMD,OLH
PK415,2018/1/20,21:50:00,NV6319,D,73E,2018/1/20,22:50:00,NV3652,D,MAI,DBO
PK416,2018/1/20,22:00:00,GN0257,D,73E,2018/1/21, 8:0,GN0522,D,ZDV,NJH
PK417,2018/1/20,22:00:00,GN0541,D,738,2018/1/21, 8:30,GN0678,D,IOZ,DHP
PK418,2018/1/20,22:00:00,NV6405,D,320,2018/1/21, 8:30,NV6636,D,DHP,ZOU
PK419,2018/1/20,22:05:00,GN0489,D,73E,2018/1/21, 7:30,GN0282,D,LXM,ISC
PK420,2018/1/20,22:05:00,NV3270,D,321,2018/1/21,12:40:00,NV3118,I,YJZ,NGN
PK421,2018/1/20,22:10:00,GN945,I,73H,2018/1/21, 9:20,GN996,I,CLL,LVM
PK422,2018/1/20,22:25:00,GN0645,D,73L,2018/1/20,23:15:00,*****,D,YNO,***
PK423,2018/1/20,22:30:00,GN0291,D,325,2018/1/21, 8:45,GN0496,D,DHR,OOH
PK424,2018/1/20,22:30:00,GN0639,D,73H,2018/1/21, 7:35,GN0234,D,DBO,UWT
PK425,2018/1/20,22:30:00,NV6769,D,320,2018/1/21, 6:55,NV6252,D,IEH,MMW
PK426,2018/1/20,22:45:00,NV0747,D,323,2018/1/21, 9:5,NV336,I,LXM,LJY
PK427,2018/1/20,22:50:00,NV617,I,320,2018/1/21,17:20:00,NV3273,D,ILH,YJZ
PK428,2018/1/20,22:50:00,NV6379,D,319,2018/1/21, 9:55,NV6202,D,ZCQ,ZDV
PK429,2018/1/20,22:55:00,NV6615,D,319,2018/1/21, 7:45,NV3615,D,HZT,XVI
PK430,2018/1/20,23:00:00,NV6557,D,73E,2018/1/21, 6:55,NV3286,D,LXF,ARA
PK431,2018/1/20,23:10:00,GN0285,D,738,2018/1/21,10:25:00,GN0628,D,KOH,XOA
PK432,2018/1/20,23:10:00,NV3464,D,320,2018/1/21, 8:35,NV612,I,MIX,ILH
PK433,2018/1/20,23:15:00,GN0363,D,73E,2018/1/21, 9:0,GN0414,D,IBL,DBO
PK434,2018/1/20,23:20:00,NV3447,D,323,2018/1/21,10:15:00,NV6160,I,YJZ,DKV
PK435,2018/1/20,23:25:00,GN0447,D,738,2018/1/21, 8:50,GN0456,D,MGR,DHP
PK436,2018/1/20,23:25:00,NV6471,D,323,2018/1/21,10:20:00,NV6172,I,TAY,JDO
PK437,2018/1/20,23:30:00,NV3195,D,319,2018/1/21, 9:5,NV6514,D,UTO,DUV
PK438,2018/1/20,23:40:00,GN0643,D,73E,2018/1/21, 9:0,GN0478,D,IBL,TIF
PK439,2018/1/20,23:50:00,GN0247,D,73A,2018/1/21, 9:5,GN0572,D,CBW,XYO
PK440,2018/1/20,23:55:00,GN0405,D,73E,2018/1/21, 9:25,GN0548,D,ETO,CBW
PK441,2018/1/20, 0:10,GN0349,D,73E,2018/1/20,15:50:00,GN0488,D,TZY,LXM
PK442,2018/1/20, 0:15,GN0401,D,738,2018/1/20, 8:30,GN0678,D,DHP,DHP
PK443,2018/1/20, 0:15,NV6723,D,323,2018/1/20, 7:50,NV6708,D,EMD,DHR
PK444,2018/1/20, 0:20,GN967,I,738,2018/1/20, 8:50,GN0456,D,CLL,DHP
PK445,2018/1/20, 0:25,NV6589,D,33H,2018/1/20,12:25:00,NV810,I,LNH,NBE
PK446,2018/1/20, 0:5,GN0657,D,738,2018/1/20, 8:10,GN0454,D,XVU,EZH
PK447,2018/1/20, 1:30,NV6487,D,319,2018/1/20, 6:55,NV3615,D,EZH,XVI
PK448,2018/1/20, 1:35,GN0453,D,738,2018/1/20, 9:15,GN0630,D,EZH,XOA
PK449,2018/1/20, 4:10,NV677,I,33L,2018/1/20, 7:55,NV380,I,TJO,DUT
PK450,2018/1/20, 4:25,NV625,I,325,2018/1/20, 9:15,NV6152,I,SFQ,JDO
PK451,2018/1/20, 4:40,GN947,I,738,2018/1/20,10:15:00,GN0464,D,IOE,XFI
PK452,2018/1/20, 4:55,NV675,I,33L,2018/1/20, 6:55,NV675,D,EFM,QFL
PK453,2018/1/20, 5:0,NV847,I,773,2018/1/20,13:20:00,NV694,I,TZE,MBY
PK454,2018/1/20, 5:15,NV309,I,773,2018/1/20, 9:10,NV634,I,KGL,OSU
PK455,2018/1/20, 5:20,NV871,I,325,2018/1/20, 9:25,NV812,I,QOI,ILH
PK456,2018/1/20, 5:35,NV347,I,33L,2018/1/20,12:10:00,NV346,I,NMF,NMF
PK457,2018/1/20, 5:40,NV655,I,332,2018/1/21,12:10:00,NV6118,I,TJO,UQF
PK458,2018/1/20, 5:45,NV891,I,773,2018/1/21, 0:55,NV880,I,BLM,BLM
PK459,2018/1/20, 5:55,GN979,I,73H,2018/1/20, 7:10,GN0290,D,CLJ,KOA
PK460,2018/1/20, 5:55,NV343,I,33E,2018/1/20,12:15:00,NV6118,I,DNC,UQF
PK461,2018/1/20, 5:55,NV851,I,773,2018/1/20,11:40:00,NV828,I,NFM,PSE
PK462,2018/1/20, 6:0,GN977,I,738,2018/1/20,10:25:00,GN0628,D,LCW,XOA
PK463,2018/1/20, 6:25,NV6181,I,332,2018/1/20,14:35:00,NV676,I,DHL,TJO
PK464,2018/1/20, 6:25,NV689,I,773,2018/1/20,12:05:00,NV318,I,MBY,ZZA
PK465,2018/1/20, 6:30,GN943,I,73H,2018/1/20, 9:20,GN996,I,ILU,LVM
PK466,2018/1/20, 6:55,NV883,I,33H,2018/1/20,13:00:00,NV640,I,BNT,IOE
PK467,2018/1/20, 7:0,NV6157,I,320,2018/1/20, 8:30,NV6762,D,DSL,ZOK
PK468,2018/1/20, 7:0,NV665,I,773,2018/1/20,12:25:00,NV670,I,DEH,DEH
PK469,2018/1/20, 7:15,GN969,I,73H,2018/1/20,12:00:00,GN0492,D,ILU,LXM
PK470,2018/1/20, 7:20,GN973,I,73H,2018/1/20, 8:35,GN940,I,LVM,CLL
PK471,2018/1/20, 7:20,NV659,I,33L,2018/1/20,17:20:00,NV682,I,CLL,IOM
PK472,2018/1/20, 7:5,NV393,I,320,2018/1/20, 9:30,NV6576,D,THO,LIO
PK473,2018/1/20, 7:55,NV6700,D,320,2018/1/20, 9:30,NV6700,D,OHC,VSD
PK474,2018/1/20, 8:25,NV3992,D,320,2018/1/20, 9:30,NV630,I,OLH,OHP
PK475,2018/1/20, 8:35,NV6135,I,320,2018/1/20,10:20:00,NV3196,I,DFC,PLB
PK476,2018/1/20, 8:35,*****,D,738,2018/1/20, 9:25,GN0408,D,***,DTY
PK477,2018/1/20, 8:40,NV6577,D,320,2018/1/20, 9:50,NV6577,D,LIO,TIF
PK478,2018/1/20, 8:40,NV6697,D,73H,2018/1/20, 9:45,NV6612,D,XOA,XOA
PK479,2018/1/20, 8:45,NV6645,D,320,2018/1/20,10:20:00,NV6644,D,UOB,UOB
PK480,2018/1/20, 8:45,NV6698,D,320,2018/1/20,21:35:00,NV6578,D,IGF,IGF
PK481,2018/1/20, 8:55,NV3620,D,73E,2018/1/20,10:00:00,NV626,I,XVI,LJY
PK482,2018/1/20, 8:55,NV6684,D,320,2018/1/20,10:05:00,NV6684,D,UBP,LPX
PK483,2018/1/20, 9:0,NV603,I,33L,2018/1/20,10:25:00,NV603,D,TWP,TZY
PK484,2018/1/20, 9:10,GN0631,D,738,2018/1/20,10:00:00,*****,D,XOA,***
PK485,2018/1/20, 9:15,NV628,D,73H,2018/1/20,10:35:00,NV628,I,XVI,GVL
PK486,2018/1/20, 9:20,GN0369,D,738,2018/1/20,10:35:00,GN0202,D,YNO,EMD
PK487,2018/1/20, 9:20,NV698,D,773,2018/1/20,11:30:00,NV698,I,GPD,KGL
PK488,2018/1/20, 9:25,NV6773,D,325,2018/1/20,10:40:00,NV6773,D,EMD,GPD
PK489,2018/1/20, 9:30,GN0439,D,738,2018/1/20,11:00:00,GN0284,D,DHP,KOH
PK490,2018/1/20, 9:35,NV3513,D,73H,2018/1/20,10:45:00,NV3512,D,UZO,UZO
PK491,2018/1/20, 9:35,NV6655,D,320,2018/1/20,11:15:00,NV6622,D,ZOU,UBP
PK492,2018/1/20, 9:40,GN0571,D,73H,2018/1/20,14:15:00,GN966,I,LXF,CLL
PK493,2018/1/20, 9:40,NV6533,D,320,2018/1/20,11:05:00,NV6536,D,DLH,DLH
PK494,2018/1/20, 9:45,GN0493,D,738,2018/1/20,10:50:00,GN0493,D,LXM,DHR
PK495,2018/1/20, 9:45,NV6163,I,325,2018/1/20,11:25:00,NV6390,D,JDO,AVI
PK496,2018/1/20, 9:50,GN0181,D,738,2018/1/20,11:05:00,GN0298,D,UTO,TIF
PK497,2018/1/20, 9:50,GN0413,D,738,2018/1/20,11:10:00,GN0530,D,DBO,IOZ
PK498,2018/1/20, 9:50,NV6479,D,319,2018/1/20,11:05:00,NV6752,D,DTY,EMD
PK499,2018/1/20, 9:50,NV837,I,319,2018/1/20,13:00:00,NV3194,D,ILH,UTO
PK500,2018/1/20, 9:55,GN0471,D,73A,2018/1/20,11:30:00,GN0208,D,AIB,BPH
PK501,2018/1/20, 9:55,NV6313,D,325,2018/1/20,11:00:00,NV6518,D,IBL,DUV
PK502,2018/1/21,10:00:00,GN0493,D,738,2018/1/21,11:00:00,GN0493,D,LXM,DHR
PK503,2018/1/21,10:00:00,NV6294,D,33H,2018/1/21,13:30:00,NV692,I,QFL,ZWS
PK504,2018/1/21,10:05:00,GN0471,D,73A,2018/1/21,11:20:00,GN0460,D,AIB,AIB
PK505,2018/1/21,10:05:00,NV6513,D,320,2018/1/21,12:30:00,NV305,D,DUV,DUV
PK506,2018/1/21,10:10:00,GN0411,D,73H,2018/1/21,17:00:00,GN980,I,TXB,LCW
PK507,2018/1/21,10:10:00,NV6443,D,325,2018/1/21,11:10:00,NV6656,D,TAY,ZOU
PK508,2018/1/21,10:15:00,NV3120,D,73H,2018/1/21,11:15:00,NV3120,I,XVI,GTA
PK509,2018/1/21,10:15:00,NV632,D,325,2018/1/21,11:45:00,NV632,I,YJZ,OSU
PK510,2018/1/21,10:20:00,GN0495,D,73A,2018/1/21,11:30:00,GN0208,D,OOH,BPH
PK511,2018/1/21,10:20:00,NV323,I,325,2018/1/21,11:25:00,NV618,I,NOM,ILH
PK512,2018/1/21,10:20:00,NV687,I,325,2018/1/21,11:25:00,NV6390,D,IOE,AVI
PK513,2018/1/21,10:25:00,NV6731,D,325,2018/1/21,12:15:00,NV614,I,ISC,ILH
PK514,2018/1/21,10:25:00,NV820,D,320,2018/1/21,11:35:00,NV820,I,MIX,OHP
PK515,2018/1/21,10:30:00,GN0457,D,738,2018/1/21,13:05:00,GN0656,D,DHP,XVU
PK516,2018/1/21,10:30:00,NV858,D,73H,2018/1/21,12:15:00,NV858,I,LNH,LJY
PK517,2018/1/21,10:35:00,NV6713,D,320,2018/1/21,12:25:00,NV6713,D,TIF,AIB
PK518,2018/1/21,10:40:00,NV303,I,320,2018/1/21,12:30:00,NV303,D,OHP,YJZ
PK519,2018/1/21,10:45:00,NV643,I,320,2018/1/21,13:25:00,NV6510,D,GVL,MZJ
PK520,2018/1/21,11:00:00,GN0271,D,73H,2018/1/21,12:15:00,GN0492,D,DHR,LXM
PK521,2018/1/21,11:00:00,NV305,I,319,2018/1/21,13:00:00,NV6290,D,IJK,MMG
PK522,2018/1/21,11:00:00,NV6148,D,320,2018/1/21,12:20:00,NV6148,I,DUV,DKV
PK523,2018/1/21,11:00:00,NV639,I,319,2018/1/21,12:15:00,NV6316,D,PLK,ITO
PK524,2018/1/21,11:00:00,NV6785,D,320,2018/1/21,13:10:00,NV398,I,EMD,PLB
PK525,2018/1/21,11:20:00,NV6535,D,320,2018/1/21,13:55:00,NV652,I,DLH,CLL
PK526,2018/1/21,11:25:00,NV841,I,325,2018/1/21,13:05:00,NV6488,D,LJY,TZY
PK527,2018/1/21,12:00:00,NV835,I,325,2018/1/21,13:15:00,NV610,I,ILH,ILH
PK528,2018/1/21,12:20:00,NV6749,D,320,2018/1/21,13:55:00,NV6540,D,IEH,UTO
PK529,2018/1/21,12:20:00,NV867,D,33E,2018/1/21,15:45:00,NV6116,I,LNH,UQF
PK530,2018/1/21,12:25:00,GN0253,D,73A,2018/1/21,13:35:00,GN0204,D,CQF,TIF
PK531,2018/1/21,12:25:00,NV3703,I,73H,2018/1/21,13:55:00,NV3703,D,OHP,XVI
PK532,2018/1/21,12:55:00,NV674,D,33L,2018/1/21,14:25:00,NV674,I,QFL,EFM
PK533,2018/1/21,13:00:00,GN0201,D,73H,2018/1/21,14:05:00,GN930,I,KOA,QVT
PK534,2018/1/21,13:00:00,GN0491,D,738,2018/1/21,14:15:00,GN966,I,LXM,CLL
PK535,2018/1/21,13:05:00,NV3287,D,73E,2018/1/21,16:30:00,NV6556,D,ARA,LXF
PK536,2018/1/21,13:05:00,NV6165,I,323,2018/1/21,14:10:00,NV6722,D,UBF,EMD
PK537,2018/1/21,13:10:00,GN0235,D,73H,2018/1/21,14:20:00,GN0250,D,UWT,YNO
PK538,2018/1/21,13:15:00,NV3266,D,325,2018/1/21,14:15:00,NV3269,D,YJZ,YJZ
PK539,2018/1/21,13:20:00,NV6155,I,320,2018/1/21,14:25:00,NV6494,D,QVT,AZJ
PK540,2018/1/21,13:25:00,NV6735,D,73E,2018/1/21,14:30:00,NV6198,I,EMD,GVL
PK541,2018/1/21,13:40:00,GN913,I,73H,2018/1/21,14:45:00,GN938,I,UTB,JDO
PK542,2018/1/21,13:40:00,NV6719,D,320,2018/1/21,14:50:00,NV6718,D,IJB,TIF
PK543,2018/1/21,13:50:00,GN932,D,738,2018/1/21,14:55:00,GN932,I,DHP,LJY
PK544,2018/1/21,13:50:00,NV383,I,321,2018/1/21,15:30:00,NV383,D,OSU,QFL
PK545,2018/1/21,13:55:00,NV6727,D,320,2018/1/21,14:55:00,NV6762,D,ZLI,ZOK
PK546,2018/1/21,14:00:00,NV6153,I,325,2018/1/21,14:50:00,*****,D,JDO,***
PK547,2018/1/21,14:10:00,NV6575,D,320,2018/1/21,15:20:00,NV6574,D,IGF,IGF
PK548,2018/1/21,14:20:00,NV3654,D,73E,2018/1/21,15:25:00,NV6318,D,XVI,MAI
PK549,2018/1/21,14:25:00,NV6171,I,323,2018/1/21,16:10:00,NV6374,D,DKV,ZOU
PK550,2018/1/21,14:35:00,NV6359,D,319,2018/1/21,15:40:00,NV6378,D,EBU,ZCQ
PK551,2018/1/21,14:35:00,NV681,I,773,2018/1/21,20:00:00,NV308,I,DEH,KGL
PK552,2018/1/21,14:40:00,GN0477,D,73H,2018/1/21,16:20:00,GN0256,D,ZJI,ZDV
PK553,2018/1/21,14:40:00,GN0573,D,73A,2018/1/21,15:45:00,GN0246,D,XYO,CBW
PK554,2018/1/21,14:40:00,NV656,D,33H,2018/1/21,16:10:00,NV656,I,DHR,TJO
PK555,2018/1/21,14:50:00,GN953,I,73H,2018/1/21,16:10:00,GN0638,D,CLL,DBO
PK556,2018/1/21,14:50:00,NV613,I,320,2018/1/21,16:50:00,NV6768,D,ILH,IEH
PK557,2018/1/21,14:50:00,NV899,I,33E,2018/1/21,20:20:00,NV672,I,GDP,TZE
PK558,2018/1/21,14:55:00,GN0283,D,73E,2018/1/21,15:55:00,GN0362,D,ISC,IBL
PK559,2018/1/21,14:55:00,GN0479,D,73E,2018/1/21,16:05:00,GN0280,D,TIF,DHR
PK560,2018/1/21,14:55:00,GN0523,D,73E,2018/1/21,16:35:00,GN0348,D,NJH,TZY
PK561,2018/1/21,14:55:00,NV337,I,323,2018/1/21,16:15:00,NV616,I,LJY,ILH
PK562,2018/1/21,14:55:00,NV6711,D,325,2018/1/21,16:15:00,NV6742,D,GPD,GPD
PK563,2018/1/21,15:00:00,*****,D,325,2018/1/21,15:50:00,NV3465,D,***,MIX
PK564,2018/1/21,15:10:00,GN0423,D,73E,2018/1/21,16:20:00,GN0642,D,DBO,IBL
PK565,2018/1/21,15:15:00,NV629,I,73H,2018/1/21,16:50:00,NV629,D,GVL,XVI
PK566,2018/1/21,15:20:00,GN0203,D,738,2018/1/21,16:10:00,*****,D,EMD,***
PK567,2018/1/21,15:20:00,NV382,D,321,2018/1/21,16:55:00,NV382,I,QFL,OSU
PK568,2018/1/21,15:20:00,NV6203,D,319,2018/1/21,16:30:00,NV6614,D,ZDV,HZT
PK569,2018/1/21,15:25:00,NV6453,D,323,2018/1/21,16:45:00,NV0746,D,TAY,LXM
PK570,2018/1/21,15:30:00,NV657,I,33E,2018/1/21,19:45:00,NV848,I,TJO,NFM
PK571,2018/1/21,15:35:00,GN0497,D,325,2018/1/21,17:05:00,GN0644,D,OOH,YNO
PK572,2018/1/21,15:35:00,NV641,I,320,2018/1/21,16:40:00,NV6736,D,OHP,EMD
PK573,2018/1/21,15:35:00,NV6537,D,325,2018/1/21,17:10:00,NV686,I,DLH,IOE
PK574,2018/1/21,15:35:00,NV669,I,319,2018/1/21,17:35:00,NV638,I,LNR,PLK
PK575,2018/1/21,15:40:00,GN965,I,73H,2018/1/21,18:00:00,GN0454,D,CLL,EZH
PK576,2018/1/21,15:40:00,NV6173,I,323,2018/1/21,17:05:00,NV6462,D,JDO,TAY
PK577,2018/1/21,15:45:00,NV302,D,320,2018/1/21,17:15:00,NV302,I,YJZ,OHP
PK578,2018/1/21,15:55:00,GN0549,D,73E,2018/1/21,17:30:00,GN0404,D,CBW,ETO
PK579,2018/1/21,15:55:00,GN923,I,73H,2018/1/21,18:30:00,GN964,I,ILH,CLL
PK580,2018/1/21,15:55:00,NV627,I,73E,2018/1/21,19:15:00,NV3787,D,LJY,ZJI
PK581,2018/1/21,15:55:00,NV6657,D,325,2018/1/21,17:30:00,NV6162,I,ZOU,JDO
PK582,2018/1/21,16:05:00,NV6715,D,320,2018/1/21,17:40:00,NV6710,D,TIF,IJB
PK583,2018/1/21,16:15:00,NV3260,D,320,2018/1/21,18:05:00,NV3277,D,YJZ,YJZ
PK584,2018/1/21,16:15:00,NV6149,I,320,2018/1/21,18:00:00,NV6149,D,DKV,DUV
PK585,2018/1/21,16:20:00,NV6377,D,325,2018/1/21,18:10:00,NV830,I,CIZ,LJY
PK586,2018/1/21,16:20:00,NV683,I,33L,2018/1/21,17:20:00,NV682,I,IOM,IOM
PK587,2018/1/21,16:30:00,NV3197,I,320,2018/1/21,17:35:00,NV6726,D,PLB,ZLI
PK588,2018/1/21,16:30:00,NV3702,D,73H,2018/1/21,18:00:00,NV3702,I,XVI,OHP
PK589,2018/1/21,16:30:00,NV663,I,33H,2018/1/21,17:20:00,*****,D,MIS,***
PK590,2018/1/21,16:35:00,NV304,D,319,2018/1/21,17:40:00,NV304,I,DUV,IJK
PK591,2018/1/21,16:35:00,NV635,I,773,2018/1/21,21:00:00,NV688,I,OSU,MBY
PK592,2018/1/21,16:50:00,GN0637,D,738,2018/1/21,17:55:00,GN0636,D,XOA,XOA
PK593,2018/1/21,16:55:00,NV391,I,33L,2018/1/21,20:40:00,NV658,I,DUT,CLL
PK594,2018/1/21,16:55:00,NV693,I,33H,2018/1/21,21:15:00,NV6297,D,ZWS,QFL
PK595,2018/1/21,17:00:00,*****,D,738,2018/1/21,17:50:00,GN0332,D,***,MIX
PK596,2018/1/21,17:05:00,NV6781,D,320,2018/1/21,18:10:00,NV642,I,EMD,GVL
PK597,2018/1/21,17:10:00,NV6119,I,332,2018/1/21,18:00:00,*****,D,UQF,***
PK598,2018/1/21,17:20:00,GN0299,D,738,2018/1/21,20:05:00,GN0452,D,TIF,EZH
PK599,2018/1/21,17:20:00,GN0333,D,738,2018/1/21,18:20:00,GN976,I,MIX,LCW
PK600,2018/1/21,17:30:00,NV6145,I,325,2018/1/21,18:40:00,NV624,I,JDO,SFQ
PK601,2018/1/21,17:30:00,NV619,I,325,2018/1/21,18:30:00,NV834,I,ILH,ILH
PK602,2018/1/21,17:35:00,GN0209,D,73A,2018/1/21,21:00:00,GN0494,D,BPH,OOH
PK603,2018/1/21,17:40:00,NV6301,D,325,2018/1/21,18:30:00,*****,D,AVI,***
PK604,2018/1/21,17:50:00,NV697,I,773,2018/1/21,18:40:00,*****,D,MBY,***
PK605,2018/1/21,18:00:00,NV3786,D,73E,2018/1/21,19:30:00,NV3631,D,ZJI,XVI
PK606,2018/1/21,18:00:00,NV601,I,773,2018/1/21,18:50:00,*****,D,TGP,***
PK607,2018/1/21,18:00:00,NV6489,D,320,2018/1/21,21:05:00,NV6544,D,TZY,DLH
PK608,2018/1/21,18:05:00,NV821,I,33H,2018/1/21,18:55:00,*****,D,NBE,***
PK609,2018/1/21,18:10:00,GN0461,D,73H,2018/1/21,19:30:00,GN972,I,LXM,LVM
PK610,2018/1/21,18:15:00,NV3131,I,73H,2018/1/21,19:45:00,NV3131,D,GTA,XVI
PK611,2018/1/21,18:20:00,NV6253,D,320,2018/1/21,21:35:00,NV6578,D,MMW,IGF
PK612,2018/1/21,18:20:00,NV831,I,320,2018/1/21,19:35:00,NV831,D,OHP,MIX
PK613,2018/1/21,18:25:00,NV615,I,325,2018/1/21,20:55:00,NV6720,D,ILH,ISC
PK614,2018/1/21,18:30:00,NV3421,D,319,2018/1/21,19:35:00,NV3410,D,YOO,YOO
PK615,2018/1/21,18:30:00,NV6525,D,325,2018/1/21,21:00:00,NV6312,D,DUV,IBL
PK616,2018/1/21,18:35:00,NV6739,D,320,2018/1/21,20:00:00,NV860,I,EMD,QOI
PK617,2018/1/21,18:40:00,GN941,I,73H,2018/1/21,19:45:00,GN978,I,QVT,CLJ
PK618,2018/1/21,18:40:00,NV6703,D,319,2018/1/21,20:00:00,NV6486,D,IAI,EZH
PK619,2018/1/21,18:45:00,NV399,I,320,2018/1/21,19:50:00,NV6784,D,PLB,EMD
PK620,2018/1/21,18:50:00,GN0465,D,738,2018/1/21,21:45:00,GN0170,D,XFI,UTO
PK621,2018/1/21,18:50:00,GN951,I,73H,2018/1/21,20:00:00,GN968,I,CLL,ILU
PK622,2018/1/21,18:50:00,NV829,I,773,2018/1/21,19:40:00,*****,D,PSE,***
PK623,2018/1/21,18:55:00,GN0287,D,738,2018/1/21,21:10:00,GN0287,D,DHR,LXM
PK624,2018/1/21,18:55:00,NV6663,D,320,2018/1/21,23:10:00,NV6156,I,MZJ,DSL
PK625,2018/1/21,18:55:00,NV859,I,73H,2018/1/21,21:00:00,NV859,D,LJY,LNH
PK626,2018/1/21,19:10:00,GN0641,D,738,2018/1/21,21:20:00,GN0428,D,XOA,DBO
PK627,2018/1/21,19:15:00,NV3119,I,321,2018/1/21,21:25:00,NV6472,D,NGN,TAY
PK628,2018/1/21,19:15:00,NV6714,D,320,2018/1/21,21:25:00,NV6714,D,AIB,TIF
PK629,2018/1/21,19:20:00,NV319,I,773,2018/1/21,20:10:00,*****,D,ZZA,***
PK630,2018/1/21,19:30:00,NV6199,I,73E,2018/1/21,21:30:00,NV3655,D,GVL,XVI
PK631,2018/1/21,19:30:00,NV673,I,33E,2018/1/21,20:20:00,*****,D,TZE,***
PK632,2018/1/21,19:30:00,NV699,I,773,2018/1/21,21:40:00,NV699,D,KGL,GPD
PK633,2018/1/21,19:35:00,NV633,I,325,2018/1/21,21:05:00,NV633,D,OSU,YJZ
PK634,2018/1/21,19:40:00,NV849,I,33E,2018/1/21,23:30:00,NV654,I,NFM,TJO
PK635,2018/1/21,19:45:00,NV3622,D,319,2018/1/21,20:35:00,*****,D,XVI,***
PK636,2018/1/21,19:50:00,NV6753,D,319,2018/1/21,21:10:00,NV836,I,EMD,ILH
PK637,2018/1/21,20:00:00,GN939,I,73H,2018/1/21,21:05:00,GN0300,D,JDO,TXB
PK638,2018/1/21,20:00:00,NV6324,D,73H,2018/1/21,21:00:00,NV6325,D,UZO,UZO
PK639,2018/1/21,20:00:00,NV6527,D,320,2018/1/21,20:50:00,*****,D,DUV,***
PK640,2018/1/21,20:00:00,NV827,I,33E,2018/1/21,21:55:00,NV826,I,COF,COF
PK641,2018/1/21,20:05:00,GN0205,D,73A,2018/1/21,21:35:00,GN0560,D,TIF,LXF
PK642,2018/1/21,20:10:00,GN0237,D,738,2018/1/21,21:15:00,GN946,I,SJA,IOE
PK643,2018/1/21,20:10:00,GN0261,D,73H,2018/1/21,21:05:00,GN0260,D,YNO,DHR
PK644,2018/1/21,20:10:00,NV621,I,325,2018/1/21,21:00:00,*****,D,ILH,***
PK645,2018/1/21,20:10:00,NV6317,D,319,2018/1/21,21:00:00,*****,D,ITO,***
PK646,2018/1/21,20:15:00,NV6551,D,320,2018/1/21,21:30:00,NV6528,D,UTO,DUV
PK647,2018/1/21,20:15:00,NV6725,D,320,2018/1/21,21:05:00,*****,D,ISC,***
PK648,2018/1/21,20:20:00,NV6549,D,319,2018/1/21,21:10:00,*****,D,OBP,***
PK649,2018/1/21,20:25:00,NV317,I,320,2018/1/21,21:15:00,*****,D,DOY,***
PK650,2018/1/21,20:25:00,NV3278,D,325,2018/1/21,21:15:00,*****,D,YJZ,***
PK651,2018/1/21,20:30:00,NV6117,I,33E,2018/1/21,21:20:00,*****,D,UQF,***
PK652,2018/1/21,20:30:00,NV6578,D,325,2018/1/21,21:20:00,*****,D,TZY,***
PK653,2018/1/21,20:30:00,NV6772,D,325,2018/1/21,22:05:00,NV6772,D,GPD,EMD
PK654,2018/1/21,20:40:00,*****,D,319,2018/1/21,21:30:00,NV6478,D,***,DTY
PK655,2018/1/21,20:45:00,NV6375,D,323,2018/1/21,21:35:00,*****,D,ZOU,***
PK656,2018/1/21,21:00:00,NV6495,D,320,2018/1/21,21:50:00,*****,D,AZJ,***
PK657,2018/1/21,21:00:00,NV6633,D,320,2018/1/21,22:10:00,NV6632,D,UBP,UBP
PK658,2018/1/21,21:00:00,NV6811,D,320,2018/1/21,22:20:00,NV6811,D,VSD,OHC
PK659,2018/1/21,21:05:00,NV651,I,773,2018/1/21,21:55:00,*****,D,IOE,***
PK660,2018/1/21,21:05:00,NV6642,D,320,2018/1/21,22:20:00,NV6642,D,TIF,LIO
PK661,2018/1/21,21:10:00,NV6643,D,320,2018/1/21,22:00:00,NV392,I,LIO,THO
PK662,2018/1/21,21:15:00,GN0409,D,738,2018/1/21,22:40:00,GN0368,D,DTY,YNO
PK663,2018/1/21,21:15:00,GN933,I,738,2018/1/21,22:45:00,GN933,D,LJY,DHP
PK664,2018/1/21,21:20:00,GN0629,D,738,2018/1/21,22:20:00,GN0620,D,XOA,XOA
PK665,2018/1/21,21:20:00,NV6653,D,320,2018/1/21,22:30:00,NV6652,D,UOB,UOB
PK666,2018/1/21,21:20:00,NV6699,D,321,2018/1/21,22:10:00,*****,D,GPD,***
PK667,2018/1/21,21:30:00,GN997,I,73H,2018/1/21,22:30:00,GN952,I,LVM,CLL
PK668,2018/1/21,21:30:00,NV679,I,33E,2018/1/21,22:20:00,*****,D,TJO,***
PK669,2018/1/21,21:40:00,NV6241,D,325,2018/1/21,22:30:00,*****,D,QFL,***
PK670,2018/1/21,21:45:00,NV6737,D,320,2018/1/21,22:50:00,NV3993,D,EMD,OLH
PK671,2018/1/21,21:50:00,NV3270,D,325,2018/1/21,22:40:00,*****,D,YJZ,***
PK672,2018/1/21,21:50:00,NV6319,D,73E,2018/1/21,22:40:00,*****,D,MAI,***
PK673,2018/1/21,22:00:00,GN0257,D,73H,2018/1/21,22:50:00,*****,D,ZDV,***
PK674,2018/1/21,22:00:00,GN0541,D,738,2018/1/21,22:50:00,*****,D,IOZ,***
PK675,2018/1/21,22:00:00,NV6405,D,320,2018/1/21,22:50:00,*****,D,DHP,***
PK676,2018/1/21,22:05:00,GN0489,D,73E,2018/1/21,22:55:00,*****,D,LXM,***
PK677,2018/1/21,22:05:00,NV6769,D,320,2018/1/21,22:55:00,*****,D,IEH,***
PK678,2018/1/21,22:10:00,GN945,I,73H,2018/1/21,23:00:00,*****,D,CLL,***
PK679,2018/1/21,22:15:00,NV6763,D,320,2018/1/21,23:05:00,*****,D,ZOK,***
PK680,2018/1/21,22:25:00,GN0247,D,73A,2018/1/21,23:15:00,*****,D,CBW,***
PK681,2018/1/21,22:25:00,GN0645,D,325,2018/1/21,23:15:00,*****,D,YNO,***
PK682,2018/1/21,22:30:00,GN0291,D,73E,2018/1/21,23:20:00,*****,D,DHR,***
PK683,2018/1/21,22:30:00,GN0639,D,73H,2018/1/21,23:20:00,*****,D,DBO,***
PK684,2018/1/21,22:45:00,NV0747,D,323,2018/1/21,23:35:00,*****,D,LXM,***
PK685,2018/1/21,22:50:00,NV617,I,323,2018/1/21,23:40:00,*****,D,ILH,***
PK686,2018/1/21,22:50:00,NV6379,D,319,2018/1/21,23:40:00,*****,D,ZCQ,***
PK687,2018/1/21,22:55:00,NV6615,D,319,2018/1/21,23:45:00,*****,D,HZT,***
PK688,2018/1/21,23:00:00,NV6557,D,73E,2018/1/21,23:50:00,*****,D,LXF,***
PK689,2018/1/21,23:10:00,GN0285,D,73A,2018/1/22, 0:0,*****,D,KOH,***
PK690,2018/1/21,23:10:00,NV3464,D,325,2018/1/22, 0:0,*****,D,MIX,***
PK691,2018/1/21,23:15:00,GN0363,D,73E,2018/1/22, 0:5,*****,D,IBL,***
PK692,2018/1/21,23:20:00,GN0455,D,73H,2018/1/22, 0:10,*****,D,EZH,***
PK693,2018/1/21,23:20:00,NV3447,D,320,2018/1/22, 0:10,*****,D,YJZ,***
PK694,2018/1/21,23:25:00,NV6471,D,323,2018/1/22, 0:15,*****,D,TAY,***
PK695,2018/1/21,23:30:00,NV3195,D,319,2018/1/22, 0:20,*****,D,UTO,***
PK696,2018/1/21,23:40:00,GN0643,D,73E,2018/1/22, 0:30,*****,D,IBL,***
PK697,2018/1/21,23:55:00,GN0405,D,73E,2018/1/22, 0:45,*****,D,ETO,***
PK698,2018/1/21, 0:10,GN0349,D,73E,2018/1/21,15:50:00,GN0488,D,TZY,LXM
PK699,2018/1/21, 0:15,GN0679,D,738,2018/1/21, 1:5,*****,D,DHP,***
PK700,2018/1/21, 0:15,NV6723,D,323,2018/1/21, 8:10,NV6164,I,EMD,UBF
PK701,2018/1/21, 0:20,GN967,I,73H,2018/1/21, 7:10,GN0290,D,CLL,KOA
PK702,2018/1/21, 1:20,NV3653,D,73E,2018/1/21, 8:30,NV6734,D,DBO,EMD
PK703,2018/1/21, 1:30,NV6487,D,319,2018/1/21, 8:15,NV6702,D,EZH,IAI
PK704,2018/1/21, 1:35,GN0453,D,738,2018/1/21, 9:25,GN0630,D,EZH,XOA
PK705,2018/1/21, 1:45,GN0659,D,73A,2018/1/21, 6:55,GN0252,D,UHP,CQF
PK706,2018/1/21, 4:10,NV677,I,332,2018/1/21,17:10:00,NV6170,I,TJO,DHL
PK707,2018/1/21, 4:25,NV625,I,325,2018/1/21, 9:30,NV6376,D,SFQ,CIZ
PK708,2018/1/21, 4:55,NV675,I,33L,2018/1/21, 6:55,NV675,D,EFM,QFL
PK709,2018/1/21, 5:0,GN991,I,73H,2018/1/21,12:00:00,GN944,I,LCW,CLL
PK710,2018/1/21, 5:0,NV847,I,773,2018/1/21,14:20:00,NV690,I,TZE,TGP
PK711,2018/1/21, 5:10,NV609,I,33H,2018/1/21,11:10:00,NV896,D,ZWS,YJZ
PK712,2018/1/21, 5:15,NV309,I,773,2018/1/21, 9:10,NV634,I,KGL,OSU
PK713,2018/1/21, 5:20,NV871,I,320,2018/1/21,10:20:00,NV3196,I,QOI,PLB
PK714,2018/1/21, 5:35,NV347,I,33L,2018/1/21,12:00:00,NV602,I,NMF,TWP
PK715,2018/1/21, 5:40,NV655,I,33H,2018/1/21, 7:40,NV655,D,TJO,DHR
PK716,2018/1/21, 5:45,NV891,I,773,2018/1/21,13:20:00,NV694,I,BLM,MBY
PK717,2018/1/21, 5:55,GN979,I,73H,2018/1/21, 8:35,GN940,I,CLJ,CLL
PK718,2018/1/21, 5:55,NV851,I,773,2018/1/21,11:40:00,NV828,I,NFM,PSE
PK719,2018/1/21, 6:0,GN977,I,738,2018/1/21,10:15:00,GN0464,D,LCW,XFI
PK720,2018/1/21, 6:25,NV689,I,773,2018/1/21,12:05:00,NV318,I,MBY,ZZA
PK721,2018/1/21, 6:30,GN943,I,73H,2018/1/21, 9:40,GN0476,D,ILU,ZJI
PK722,2018/1/21, 6:55,NV393,I,320,2018/1/21, 9:30,NV6576,D,THO,LIO
PK723,2018/1/21, 7:0,NV6157,I,320,2018/1/21,10:10:00,NV316,I,DSL,DOY
PK724,2018/1/21, 7:0,NV665,I,773,2018/1/21,13:00:00,NV640,I,DEH,IOE
PK725,2018/1/21, 7:15,GN969,I,73H,2018/1/21,19:30:00,GN942,I,ILU,ILU
PK726,2018/1/21, 7:20,GN973,I,73H,2018/1/21, 9:35,GN922,I,LVM,ILH
PK727,2018/1/21, 7:20,NV659,I,33L,2018/1/21,12:10:00,NV346,I,CLL,NMF
PK728,2018/1/21, 7:40,NV331,I,33E,2018/1/21,14:35:00,NV676,I,GSB,TJO
PK729,2018/1/21, 8:15,NV6700,D,320,2018/1/21, 9:15,NV6700,D,OHC,VSD
PK730,2018/1/21, 8:25,NV3992,D,320,2018/1/21, 9:30,NV630,I,OLH,OHP
PK731,2018/1/21, 8:35,NV6135,I,320,2018/1/21,12:05:00,NV6770,D,DFC,EMD
PK732,2018/1/21, 8:35,*****,D,738,2018/1/21, 9:25,GN0408,D,***,DTY
PK733,2018/1/21, 8:40,NV6577,D,320,2018/1/21, 9:50,NV6577,D,LIO,TIF
PK734,2018/1/21, 8:40,NV6697,D,73H,2018/1/21, 9:45,NV6612,D,XOA,XOA
PK735,2018/1/21, 8:45,NV6579,D,320,2018/1/21,10:00:00,NV6579,D,IGF,TZY
PK736,2018/1/21, 8:45,NV6645,D,320,2018/1/21,10:20:00,NV6644,D,UOB,UOB
PK737,2018/1/21, 8:55,NV3620,D,73E,2018/1/21,10:00:00,NV626,I,XVI,LJY
PK738,2018/1/21, 8:55,NV6623,D,320,2018/1/21,10:00:00,NV3280,D,UBP,ZOU
PK739,2018/1/21, 9:10,GN0631,D,738,2018/1/21,10:35:00,GN0202,D,XOA,EMD
PK740,2018/1/21, 9:15,NV628,D,73H,2018/1/21,10:35:00,NV628,I,XVI,GVL
PK741,2018/1/21, 9:20,GN0369,D,738,2018/1/21,11:10:00,GN0530,D,YNO,IOZ
PK742,2018/1/21, 9:20,NV698,D,773,2018/1/21,11:30:00,NV698,I,GPD,KGL
PK743,2018/1/21, 9:25,NV6773,D,325,2018/1/21,11:05:00,NV6773,D,EMD,GPD
PK744,2018/1/21, 9:30,GN0439,D,738,2018/1/21,11:05:00,GN0298,D,DHP,TIF
PK745,2018/1/21, 9:35,NV3513,D,73H,2018/1/21,10:45:00,NV3512,D,UZO,UZO
PK746,2018/1/21, 9:35,NV6655,D,320,2018/1/21,11:15:00,NV6622,D,ZOU,UBP
PK747,2018/1/21, 9:40,GN0571,D,73A,2018/1/21,11:00:00,GN0284,D,LXF,KOH
PK748,2018/1/21, 9:40,NV6533,D,320,2018/1/21,11:05:00,NV6536,D,DLH,DLH
PK749,2018/1/21, 9:45,NV6163,I,325,2018/1/21,11:00:00,NV6518,D,JDO,DUV
PK750,2018/1/21, 9:50,GN0413,D,738,2018/1/21,12:00:00,GN0236,D,DBO,SJA
PK751,2018/1/21, 9:50,NV6479,D,319,2018/1/21,11:05:00,NV6752,D,DTY,EMD
PK752,2018/1/21, 9:50,NV837,I,319,2018/1/21,12:50:00,NV3194,D,ILH,UTO
PK753,2018/1/21, 9:55,NV6313,D,325,2018/1/21,12:15:00,NV6144,I,IBL,JDO
